{
  "code": "200",
  "data": {
    "systemDateTime": "查询时间",
    "doctorName": "医生姓名",
    "photoUrl": "照片链接",
    "title": "职称",
    "sex": "性别",
    "deptName": "专科",
    "clinicInfo": "出诊信息",
    "biography": "医生简介",
    "clinicFee": "诊金",
    "roomNo": "诊室编号",
    "roomLabel": "诊室名称",
    "patQueue": [{
      "qno": "就诊号",
      "patName": "患者姓名",
      "status": "状态",
      "memo": "备注",
      "orderNo": "顺序号"
    }, {
      "qno": "就诊号",
      "patName": "患者姓名",
      "status": "状态",
      "memo": "备注",
      "orderNo": "顺序号"
    }]
  },
  "msg": "信息"
}
