{
  "RetCode": "0",
  "ErrMsg": "调用成功",
  "SystemDateTime": "2019-12-02 22:39:05",
  "EmpNo": "1197",
  "DoctorName": "罗明",
  "PhotoUrl": "http://192.168.6.12:88/photo.aspx?url=/file.php?accessoryId=800715",
  "Title": "主任医师",
  "Sex": "男",
  "DeptName": "普通外科·乳腺专科",
  "ClinicInfo": "普外科##周1全天（调价公告：法定节假日及周六、日主任医师的诊金费调整为100元）##普外科1室##西区康欣路3号门诊部$$",
  "Biography": "毕业于广州中医药大学七年制。曾在广东省人民医院、省中医院及广医微创中心进修。广东省健康管理学会乳腺病专业委员会委员，中山市医学会乳腺专业组副主委，中山市医学会微创外科学会常委。专长：乳腺麦默通微创手术，乳腺癌改良根治及术后综合治疗，乳房整形，腹腔镜乳腺癌根治加一期假体隆胸术；甲状腺各种良恶性性疾病的诊治，腹腔镜甲状腺微创手术，甲状腺癌根治术；腹腔镜腹股沟疝修补术（TEP/TAPP）；腹腔镜肝胆、胃癌、肠癌根治术。以及中西医结合治疗重症胰腺炎。 ",
  "ClinicFee": "21",
  "RoomNo": "10",
  "RoomLabel": "普通外科10室",
  "PatQueue": [{
    "Qno": "70",
    "PatName": "王琼",
    "Status": "3",
    "Memo": [],
    "OrderNo": "1"
  }, {
    "Qno": "78",
    "PatName": "陈垣华",
    "Status": "4",
    "Memo": [],
    "OrderNo": "2"
  }, {
    "Qno": "83",
    "PatName": "刘广敏",
    "Status": "4",
    "Memo": [],
    "OrderNo": "3"
  }, {
    "Qno": "66",
    "PatName": "黄明珍",
    "Status": "3",
    "Memo": [],
    "OrderNo": "4"
  }, {
    "Qno": "68",
    "PatName": "黄洁琴",
    "Status": "3",
    "Memo": [],
    "OrderNo": "5"
  }]
}
