{
  "RetCode": "0",
  "ErrMsg": "调用成功",
  "SystemDateTime": "2020-01-01 00:00:00",
  "DoctorName": "罗明",
  "PhotoUrl": "http://yuyueguahao.zsszyy.com.lc:88/photo.aspx?url=/file.php?accessoryId=800616",
  "Title": "主任医师",
  "Sex": "男",
  "DeptName": "普通外科·乳腺专科",
  "ClinicInfo": "普外科##周1全天##普外科1室##西区康欣路3号门诊部$$普外科##周2全天##普外科1室##西区康欣路3号门诊部$$",
  "Biography": "毕业于广州中医药大学七年制。曾在广东省人民医院、省中医院及广医微创中心进修。广东省健康管理学会乳腺病专业委员会委员，中山市医学会乳腺专业组副主委，中山市医学会微创外科学会常委。专长：乳腺麦默通微创手术，乳腺癌改良根治及术后综合治疗，乳房整形，腹腔镜乳腺癌根治加一期假体隆胸术；甲状腺各种良恶性性疾病的诊治，腹腔镜甲状腺微创手术，甲状腺癌根治术；腹腔镜腹股沟疝修补术（TEP/TAPP）；腹腔镜肝胆、胃癌、肠癌根治术。以及中西医结合治疗重症胰腺炎。",
  "ClinicFee": "21",
  "RoomNo": "10",
  "RoomLabel": "普通外科10室",
  "PatQueue": [{
    "Qno": "预08A",
    "PatName": "吴楚平吴楚平",
    "Status": "3",
    "Memo": "",
    "OrderNo": "1"
  }, {
    "Qno": "预09",
    "PatName": "梁瑞珍",
    "Status": "3",
    "Memo": "",
    "OrderNo": "2"
  }, {
    "Qno": "预10",
    "PatName": "卢佳昌",
    "Status": "4",
    "Memo": "",
    "OrderNo": "3"
  }, {
    "Qno": "09",
    "PatName": "陈金",
    "Status": "3",
    "Memo": "",
    "OrderNo": "4"
  }, {
    "Qno": "10",
    "PatName": "谢一宁",
    "Status": "3",
    "Memo": "",
    "OrderNo": "5"
  }, {
    "Qno": "11",
    "PatName": "胡培军",
    "Status": "4",
    "Memo": "",
    "OrderNo": "6"
  }, {
    "Qno": "预07",
    "PatName": "梁少仪",
    "Status": "3",
    "Memo": "",
    "OrderNo": "7"
  }, {
    "Qno": "预01A",
    "PatName": "张三三",
    "Status": "3",
    "Memo": "",
    "OrderNo": "9"
  }, {
    "Qno": "预88A",
    "PatName": "张三三三",
    "Status": "3",
    "Memo": "",
    "OrderNo": "8"
  }]
}
