{
  "code": "200",
  "data": {
    "systemDateTime": "2019-12-02 22:39:05",
    "doctorName": "罗明",
    "photoUrl": "http://192.168.6.12:88/photo.aspx?url=/file.php?accessoryId=800715",
    "title": "医师",
    "sex": "男",
    "deptName": "普通科",
    "clinicInfo": "普外科##周1全天（调价公告：法定节假日及周六、日主任医师的诊金费调整为100元）##普外科1室##西区康欣路3号门诊部$$",
    "biography": "专长：以及中西医结合治疗重症胰腺炎。",
    "clinicFee": "21",
    "roomNo": "10",
    "roomLabel": "10室",
    "patQueue": []
  },
  "msg": "调用成功"
}
