{
  "code": "200",
  "data": {
    "systemDateTime": "2019-12-02 22:39:05",
    "doctorName": "罗明罗明 罗明",
    "photoUrl": "http://192.168.6.12:88/photo.aspx?url=/file.php?accessoryId=800715",
    "title": "主任主任医师主任医师医师",
    "sex": "男",
    "deptName": "普通外科·乳腺专科·乳腺专科·乳腺专科",
    "clinicInfo": "普外科##周1全天（调价公告：法定节假日及周六、日主任医师的诊金费调整为100元）##普外科1室##西区康欣路3号门诊部$$",
    "biography": "毕业于广州中医药大学七年制。曾在广东省人民医院、省中医院及广医微创中心进修。广东省健康管理学会乳腺病专业委员会委员，中山市医学会乳腺专业组副主委，中山市医学会微创外科学会常委。专长：乳腺麦默通微创手术，乳腺癌改良根治及术后综合治疗，乳房整形，腹腔镜乳腺癌根治加一期假体隆胸术；甲状腺各种良恶性性疾病的诊治，腹腔镜甲状腺微创手术，甲状腺癌根治术；腹腔镜腹股沟疝修补术（TEP/TAPP）；腹腔镜肝胆、胃癌、肠癌根治术。以及中西医结合治疗重症胰腺炎。毕业于广州中医药大学七年制。曾在广东省人民医院、省中医院及广医微创中心进修。广东省健康管理学会乳腺病专业委员会委员，中山市医学会乳腺专业组副主委，中山市医学会微创外科学会常委。专长：乳腺麦默通微创手术，乳腺癌改良根治及术后综合治疗，乳房整形，腹腔镜乳腺癌根治加一期假体隆胸术；甲状腺各种良恶性性疾病的诊治，腹腔镜甲状腺微创手术，甲状腺癌根治术；腹腔镜腹股沟疝修补术（TEP/TAPP）；腹腔镜肝胆、胃癌、肠癌根治术。以及中西医结合治疗重症胰腺炎。",
    "clinicFee": "21",
    "roomNo": "10",
    "roomLabel": "普通外科10室普通外科10室普通外科10室",
    "patQueue": [{
      "qno": "101",
      "patName": "王琼",
      "status": "3",
      "memo": "",
      "orderNo": "1"
    }, {
      "qno": "102",
      "patName": "陈垣华",
      "status": "4",
      "memo": "",
      "orderNo": "2"
    }, {
      "qno": "110",
      "patName": "黄洁琴",
      "status": "3",
      "memo": "",
      "orderNo": "10"
    }, {
      "qno": "111",
      "patName": "王琼",
      "status": "3",
      "memo": "",
      "orderNo": "11"
    }, {
      "qno": "112",
      "patName": "陈垣华",
      "status": "4",
      "memo": "",
      "orderNo": "12"
    }, {
      "qno": "113",
      "patName": "刘广敏",
      "status": "4",
      "memo": "",
      "orderNo": "13"
    }, {
      "qno": "114",
      "patName": "黄黄明珍黄明珍黄明珍明珍",
      "status": "3",
      "memo": "",
      "orderNo": "14"
    }, {
      "qno": "115",
      "patName": "黄洁琴",
      "status": "3",
      "memo": "",
      "orderNo": "15"
    }, {
      "qno": "6888",
      "patName": "黄黄明珍黄明珍洁琴",
      "status": "3",
      "memo": "",
      "orderNo": "10"
    }, {
      "qno": "116",
      "patName": "王琼",
      "status": "3",
      "memo": "",
      "orderNo": "16"
    }, {
      "qno": "117",
      "patName": "陈",
      "status": "4",
      "memo": "",
      "orderNo": "17"
    }, {
      "qno": "118",
      "patName": "刘广刘广刘广刘广刘广刘广刘广刘广敏",
      "status": "4",
      "memo": "",
      "orderNo": "18"
    }, {
      "qno": "119",
      "patName": "黄明珍",
      "status": "3",
      "memo": "",
      "orderNo": "19"
    }, {
      "qno": "120",
      "patName": "黄洁琴",
      "status": "3",
      "memo": "",
      "orderNo": "20"
    }, {
      "qno": "103",
      "patName": "敏",
      "status": "4",
      "memo": "预预约预约预约约",
      "orderNo": "3"
    }, {
      "qno": "104",
      "patName": "黄明珍",
      "status": "3",
      "memo": "",
      "orderNo": "4"
    }, {
      "qno": "105",
      "patName": "黄洁琴",
      "status": "3",
      "memo": "",
      "orderNo": "5"
    }, {
      "qno": "106",
      "patName": "王琼",
      "status": "3",
      "memo": "",
      "orderNo": "6"
    }, {
      "qno": "107",
      "patName": "陈垣华",
      "status": "4",
      "memo": "",
      "orderNo": "7"
    }, {
      "qno": "108",
      "patName": "刘广敏",
      "status": "4",
      "memo": "预约",
      "orderNo": "8"
    }, {
      "qno": "109",
      "patName": "",
      "status": "3",
      "memo": "",
      "orderNo": "9"
    }]
  },
  "msg": "调用成功"
}
