{"common": {"indexHrefList": ["./index.html", "//lango-tech.com"],"campusHrefList": ["./campus.html", "//campus.lango-tech.com"],"hrefPrefixList": [".", "/xbh"],"hrefSuffixList": [".html", ""],"dataList": [{"content": "了解我们","id": 0,"url": "/index"}, {"content": "产品中心","id": 1,"url": "/product"}, {"content": "解决方案","id": 2,"url": "/solve"}, {"content": "服务支持","id": 3,"url": "/service"}, {"content": "公司新闻","id": 4,"url": "/news"}, {"content": "加入我们","id": 5,"url": "/join"}, {"title": "广州总部","content": "地址 : 广州市黄埔区光谱中路11号云升科学园2栋1单元15层<br>电话 : 020-38329601","id": 6,"url": "javascript:void(0);"}, {"title": "长沙研发中心","content": "地址 : 长沙高新开发区尖山路39号长沙中电软件园总部大楼1306-1307<br>电话 : 020-38329601","id": 7,"url": "javascript:void(0);"}, {"content": "Copyright  ©lango-tech.com.  All Rights Reserved.","id": 8,"url": "javascript:void(0);"}, {"content": "粤ICP备14024048号","id": 9,"url": "//www.beian.miit.gov.cn"}, {"content": "朗国电子科技有限公司","id": 10,"url": ""}]}}