{
  "data": [{
    "id": "doc_1",
    "show": 1,
    "title": "了解物联网",
    "file": "doc1.md",
    "neutral": 0
  }, {
    "id": "doc_2",
    "show": 1,
    "title": "MQTT介绍",
    "file": "doc2.md",
    "neutral": 0
  }, {
    "id": "doc_3",
    "show": 1,
    "title": "物联网云平台系统框架设计",
    "file": "doc3.md",
    "neutral": 0
  }, {
    "id": "doc_4",
    "show": 1,
    "title": "M358S方案常用设置说明",
    "file": "doc4.md",
    "neutral": 0
  }, {
    "id": "doc_5",
    "show": 1,
    "title": "用户导入说明",
    "file": "doc5.md",
    "neutral": 1,
    "i18n": "zh-TW,en"
  }, {
    "id": "doc_6",
    "show": 1,
    "title": "朗国SDK接口文档",
    "file": "doc6.md",
    "neutral": 0
  }]
}
