{"home": {"dataList": [{"title": "企业简介","contentList": [{"subTitle": "我们是谁？","subContent": "我们是一群年轻而富有创造力的“互联网+”精英团队。<br>成立7年来，我们团结一心，拼搏进取，不断探索与创新，取得了卓越的成绩。<br>2019年，温氏集团成为朗国的战略股东，携手共同进入智能农业领域。<br>我们是国家高新技术企业，拥有121项核心专利及知识产权。<br>从Smart TV到商用显示各领域，我们皆有成熟的产品和一流的研发实力；<br>Smart、Promethean、SHARP、Philis、AOC、思科、中兴、TCL、鸿合、长虹等国内外著名品牌都是我们的合作伙伴，我们的产品遍布美洲、欧洲、亚洲、澳洲。"}, {"subTitle": "我们做什么？","subContent": "我们从事物联网及商用显示产品整体解决方案的研发与销售，包括教育、会议、办公、医疗、新媒体、智能等非常多的应用领域，通过大数据、人机交互、移动控制、远程视频、人工智能等技术的高度融合，打造引领行业的智慧商用新生态。"}, {"subTitle": "我们在哪里？","subContent": "我们总部位于广州科学城，在集“研发、办公、休闲”为一体的云升科学园，紧挨玉树公园、体育公园和狮子岭公园，环境优雅，交通便利，周边配套设施齐全，办公场所宽敞舒适，接待区、办公区、实验室、健身房、咖啡厅、母婴室功能完备。<br>长沙研发中心位于麓谷高新区中电软件园，岳麓山下，科技产业核心地带，背靠长沙尖山湖公园，现代独栋研发大楼，集研发、休闲、健身于一体，塑造研发工程师创新环境。"}]}, {"title": "我们的愿景","content": "第一阶段经营目标：成为行业最大的商用显示系统设计公司"}, {"title": "我们的使命","content": "提供有竞争力的产品，为客户创造价值最大化；<br>打造有战斗力的平台，让员工实现价值最大化。"}, {"title": "价值观","contentList": [{"subTitle": "努力拼搏","subContent": "一万年太久，只争朝夕"}, {"subTitle": "创新进取","subContent": "开拓创新 &nbsp;&nbsp; 锐意进取"}, {"subTitle": "坦诚负责","subContent": "墨子言：言不信者，行不果"}, {"subTitle": "合作共享","subContent": "共创 共担 共享"}]}, {"title": "经营理念","contentList": [{"subTitle": "分享机制","subContent": "让大多数成员享有分红、期权或股份，共同打造平台帮助团队成员实现人生价值。"}, {"subTitle": "目标管理","subContent": "目标是所有工作中协调、组织和执行的导向，以工作目标完成结果为绩效考核最重要的指标。"}, {"subTitle": "项目单元制","subContent": "扁平化的组织结构中，项目组是最重要的组织、决策和执行单元。"}, {"subTitle": "知识工作者的自我管理","subContent": "每一个知识工作者都是团队最小的也是最重要的管理者。"}]}]}}