{"joinSociety": {"typeList": [{"id": 0,"sort": 0,"state": 0,"title": "管理类"}, {"id": 1,"sort": 1,"state": 0,"title": "销售类"}, {"id": 2,"sort": 2,"state": 0,"title": "支持类"}, {"id": 3,"sort": 3,"state": 0,"title": "研发类"}],"dataList": [{"job": {"en_title": "","id": 0,"img": "","pid": 0,"state": 0,"title": "采购工程师","workplace": "广州","pay": ""},"li": [{"des": "1、具备良好的沟通能力和协调能力，抗压性强，有很好的自我调节能力；"}, {"des": "2、熟悉电子元器件，有电子相关行业采购经验；"}, {"des": "3、了解电子产品及元器件的加工生产采购流程；"}, {"des": "4、具备一定的供应链资源，了解行业信息；"}, {"des": "5、有强烈的责任心、求知欲望，学习能力强，工作习惯良好，为人正直；"}],"duty": [{"des": "1、根据物料需求采购物料，满足生产计划要求；"}, {"des": "2、开拓并维护供应商资源；"}, {"des": "3、控制物料价格，降低采购成本；"}, {"des": "4、管控供应商供料品质；"}]}, {"job": {"en_title": "","id": 1,"img": "","pid": 0,"state": 0,"title": "物控工程师","workplace": "广州","pay": ""},"li": [{"des": "1、熟练应用Office办公软件，熟悉ERP（尤其是MRP模块）者优先；"}, {"des": "2、有管理委外生产加工工厂经验者及从事电子行业加工生产者优先考虑；"}, {"des": "3、做事细致有条理，计划性强，思维缜密；"}, {"des": "4、有强烈的责任心，求知欲望，学习能力强，工作习惯良好；"}, {"des": "5、为人沉稳、做事踏实、肯于思考；"}],"duty": [{"des": "1、管理并维护公司所有物料资产的进出，在运用系统的同时利用手工账进行物料扣账，得出物料需求；"}, {"des": "2、根据工厂生产能力及生产状况，制定生产计划，并协调各方资源严格遵照计划完成生产；"}, {"des": "3、根据生产计划调配物料；"}, {"des": "4、库存管理，控制库存，做到存放合理、数量合理；"}, {"des": "5、进行外协加工厂的开拓和维护工作，协调外协加工厂资源；"}, {"des": "6、处理生产相关文件的收发工作；"}]}, {"job": {"en_title": "","id": 2,"img": "","pid": 0,"state": 0,"title": "销售管理工程师","workplace": "广州","pay": ""},"li": [{"des": "1、有极好的心里素质（包括情绪控制能力、压力承受能力、矛盾化解能力）；"}, {"des": "2、有较强的思辨力及沟通能力，有很好的系统协调能力及组织能力；"}, {"des": "3、有较强的学习、适应能力，能迅速接受新事物；"}, {"des": "4、电子相关专业者优先；"}, {"des": "5、熟悉供应链及生产加工的操作流程，有2年以上相关工作经验者优先；"}],"duty": [{"des": "1、负责销售业务中所有售前、售中和售后问题（包括样品申请、订单处理、合同签订、货款对账、发货管理、售后返修、客户投诉等）的处理；"}, {"des": "2、对产品售价、利润、销售费用、发票进行管理；"}, {"des": "3、负责客户档案的建立和关系维护；"}]}, {"job": {"en_title": "","id": 3,"img": "","pid": 0,"state": 0,"title": "硬件项目管理","workplace": "广州","pay": ""},"li": [{"des": "1、本科及以上学历，电子、工程、管理类相关专业；"}, {"des": "2、具备较强的项目组织、协调、沟通及解决问题的能力；"}, {"des": "3、有很强的团队合作意识及目标感；"}, {"des": "4、对最新技术领域有一定关注，具有较强的好奇心和较高的自学能力；"}, {"des": "5、能力优秀且英语能力强的应届毕业生亦可考虑；"}, {"des": "6、满足以上条件，有事业心、有创业精神者优先。"}],"duty": [{"des": "1、对研发项目、研发工作各阶段计划节点、里程碑进行监控；定期汇报、调整研发工作进度；"}, {"des": "2、产品规格书、说明等资料制作；"}, {"des": "3、协助管理及协调研发人员的工作；"}, {"des": "4、协助研发流程、制度制定、执行、完善。"}]}, {"job": {"en_title": "","id": 4,"img": "","pid": 0,"state": 0,"title": "海外项目经理","workplace": "广州","pay": ""},"li": [{"des": "1、本科及以上学历，电子计算机等相关理工科专业优先考虑；"}, {"des": "2、英语口语熟练，书面表达流畅（能作为工作语言）；"}, {"des": "3、有研发项目管理工作相关经验，了解电子产品及软件产品的一般开发流程；"}, {"des": "4、有较强的沟通、组织与协调能力，能有效的对内对外进行沟通；"}, {"des": "5、责任心强、原则性强，能按照既定计划推进项目进度，按时完成项目研发。"}],"duty": [{"des": "1、负责海外品牌客户的产品需求分析、研发项目规划、进度节点设置及管控；"}, {"des": "2、研发项目过程中的资料、文档制作及管理；"}, {"des": "3、组织安排技术相关的客户异常处理、研发难点攻关工作；"}, {"des": "4、对接上下游资源，主导外部资源为项目目标服务；"}, {"des": "5、项目研发中其它需要配合与协助的工作。"}]}, {"job": {"en_title": "","id": 5,"img": "","pid": 0,"state": 0,"title": "NPI工程师","workplace": "广州","pay": ""},"li": [{"des": "1、精通SMT工艺、熟悉设备原理及SMT相关IPC标准；"}, {"des": "2、熟练运用PFMEA 、DOE等管理工具或方法；"}, {"des": "3、熟悉新产品导入流程，拥有较强的责任意识、原则性，良好的沟通协调能力，能适应出差。"}],"duty": [{"des": "1、参与设计评审，对产品可制造性进行把关并提交可制造性评估报告；"}, {"des": "2、主导产品试产并提供可制造性检查报告及问题点清单，跟进问题点验证关闭；"}, {"des": "3、制作产品相关工艺文件；"}, {"des": "4、对新工艺的可行性进行评估验证，参与新工厂导入评审并定期做工厂稽核。"}]}, {"job": {"en_title": "","id": 6,"img": "","pid": 0,"state": 0,"title": "招聘专员","workplace": "广州","pay": ""},"li": [{"des": "1、本科及以上学历，一年以上总部招聘经验或猎头工作经验，有互联网招聘相关工作经验优先；"}, {"des": "2、性格开朗，积极主动，责任心强，工作踏实，有较好的抗压能力； "}, {"des": "3、具有良好的沟通能力和表达能力； "}, {"des": "4、熟练电脑操作，掌握word、excel等办公软件。"}],"duty": [{"des": "1、负责公司各招聘平台维护，寻找并开发更多人才引进渠道，完成招聘指标；"}, {"des": "2、协助上级完成需求岗位的职务说明书； "}, {"des": "3、甄别、选择、建立和维护合适招聘渠道，及时发布招聘广告，管理招聘信息； "}, {"des": "4、负责招聘职位发布、简历筛选、组织面试安排与预约等工作；　 "}, {"des": "5、管理维护人才储备库； "}, {"des": "6、员工入离职手续办理； "}, {"des": "7、负责员工档案录入，以及纸质档案管理等；"}, {"des": "8、完成上级交办的其它事项。 "}]}, {"job": {"en_title": "","id": 7,"img": "","pid": 0,"state": 0,"title": "客服工程师","workplace": "广州","pay": ""},"li": [{"des": "1、本科及以上学历，电子、计算机等理工科相关专业优先；"}, {"des": "2、能够快速理解和学习电子及软件产品的功能应用； "}, {"des": "3、普通话标准，耐心细致，有很好的服务意识；"}, {"des": "4、较强的应变与沟通能力，能够快速协调资源解决问题。较好的问题梳理和总结能力，勇于推动内部改善产品，抗压性强。"}],"duty": [{"des": "1、解答客户对公司产品售前、安装、操作等问题；"}, {"des": "2、处理市场端的客户投诉或质量事件，并进行相应客情关系维护；"}, {"des": "3、收集产品在客户端使用的情况与问题，反馈并推动研发改善；"}, {"des": "4、根据客户的常见问题编制及整理技术支持资料；"}, {"des": "5、协助销售部门为客户提供在线或现场的产品演示及应用培训。"}]}, {"job": {"en_title": "","id": 8,"img": "","pid": 1,"state": 0,"title": "海外销售工程师","workplace": "广州","pay": ""},"li": [{"des": "1、本科以上学历（特别优秀者可放宽至大专），专业不限，有理工科背景者优先聘用；"}, {"des": "2、英语口语熟练，书面表达流畅；有专业八级或欧美国家留学经验者或外企工作经验者优先聘用；"}, {"des": "3、日语/韩语口语熟练、书面表达流畅；有日韩国家留学经验者优先聘用；"}, {"des": "4、拥有强烈的攫取欲望，良好的学习欲望及学习能力；"}, {"des": "5、亲和力好，喜欢并善于与人交往，具备独立思考的能力；"}, {"des": "6、团队协作能力好，有一定的推动能力，抗压抗挫能力强；"}, {"des": "7、具备良好的沟通技巧、表达能力、商务意识；"}, {"des": "8、能适应不定期国内或国外出差。"}, {"des": "注：以上第2、3点要求二选一。"}],"duty": [{"des": "1、负责公司产品在海外市场的销售及推广；"}, {"des": "2、完成销售目标；"}, {"des": "3、开拓海外市场新客户；"}, {"des": "4、参与制定营销策略并有效执行，完成销售目标，提高市场占有率；"}, {"des": "5、统筹协调内外部资源，解决客户问题，提升客户满意度，增强客户粘性；"}, {"des": "6、收集并分析行业市场信息，制定并实施产品、销售策略和计划。"}]}, {"job": {"en_title": "","id": 9,"img": "","pid": 1,"state": 0,"title": "海外销售经理","workplace": "广州","pay": ""},"li": [{"des": "1、本科以上学历（特别优秀者可放宽至大专），专业不限，有理工科背景者优先聘用；"}, {"des": "2、英语口语熟练，书面表达流畅；有专业八级或欧美国家留学或工作经验者优先聘用；"}, {"des": "3、日语/韩语口语熟练、书面表达流畅；有日韩国家留学或工作经验者优先聘用；"}, {"des": "4、三年以上电子行业海外销售工作经验，熟练行业国内外销售及市场开拓工作，对TV，商显类电子产品渠道建设和维护、运营商合作洽谈、行业推广有丰富的实操经验；有较强的国内外市场开拓能力，了解行业发展趋势，有一定的客户资源；"}, {"des": "5、具备敏锐的市场洞察力和判断力，优秀的商务谈判能力和商业信息判决能力；"}, {"des": "6、具有市场拓展能力，组织协调能力，善于捕捉市场机会；具有产品综合解决方案策划能力；"}, {"des": "7、良好的人际沟通和管理能力；"}, {"des": "8、能适应不定期国内或国外出差。"}],"duty": [{"des": "1、负责国外市场的客户开发、商务谈判工作以及客户关系维护和管理；"}, {"des": "2、完成销售目标；"}, {"des": "3、通过多种渠道开发新客户；"}, {"des": "4、负责收集、整理分管市场和客户信息，维护客户关系，掌握及维护客户资源；"}, {"des": "5、主动了解用户需求及产品的市场反映情况，对公司营销策略、售后服务、产品改进、新产品开发等提出参考意见；"}, {"des": "6、收集项目信息、客户信息、竞争对手，竞品等信息并进行分析；定期对国内市场营销环境、目标、计划、业务活动进行分析，及时调整营销策略和计划，制定和纠正措施，确保完成营销目标和营销计划；"}, {"des": "7、管理销售数据，按时提交产品流向、销售分析和总结报告。"}]}, {"job": {"en_title": "","id": 10,"img": "","pid": 1,"state": 0,"title": "海外销售总监","workplace": "广州","pay": ""},"li": [{"des": "1、本科以上学历（特别优秀者可放宽至大专），专业不限，有理工科背景者优先聘用；"}, {"des": "2、英语口语熟练，书面表达流畅；有专业八级或欧美国家留学或工作经验者优先聘用；"}, {"des": "3、日语/韩语口语熟练、书面表达流畅；有日韩国家留学或工作经验者优先聘用；"}, {"des": "4、八年以上电子行业销售工作经验，五年以上电子行业中大型公司或上市企业海外大客户海外销售团队管理经验；"}, {"des": "5、熟练行业国内外销售及市场开拓工作，对TV，商显类电子产品渠道建设和维护、运营商合作洽谈、行业推广有丰富的实操经验；有较强的国内外市场开拓能力，了解行业发展趋势，有一定的客户资源；"}, {"des": "6、商业意识强，具备独立开发国外市场能力和敏锐的国际风险的预防能力；"}, {"des": "7、具备商务谈判能力、人际交往能力、资源整合能力、冲突解决技巧、全局分析能力、讲演说服技巧等；"}, {"des": "8、正直诚信，有高度的工作热情和责任感，抗压能力强，执行力强；"}, {"des": "9、能适应不定期国内或国外出差。"}, {"des": "注：以上第2、3点要求二选一。"}],"duty": [{"des": "1、负责带领业务团队进行国外市场拓展、产品销售，完成销售任务；"}, {"des": "2、负责海外市场销售管理以及大客户开发；"}, {"des": "3、负责销售主要目标和计划，制定、参与或协助上层执行相关的政策和制度，并主导实施；"}, {"des": "4、优化海外销售业务流程，完善海外销售操作管理系统；"}, {"des": "5、 负责日常管理工作及下属员工的管理、指导、培训及评估；"}, {"des": "6、负责团队建设，指导和培养部门业务人员的业务工作，通过对业务人员的管理、激励、培训与指导，组建优秀的团队；"}, {"des": "7、 收集整理相关市场发展趋势、需求变化和客户反馈数据信息。"}]}, {"job": {"en_title": "","id": 11,"img": "","pid": 1,"state": 0,"title": "国内销售工程师","workplace": "广州","pay": ""},"li": [{"des": "1、本科以上学历（特别优秀者可放宽至大专），专业不限，有理工科背景者优先聘用；"}, {"des": "2、拥有强烈的攫取欲望，良好的学习欲望及学习能力；"}, {"des": "3、亲和力好，喜欢并善于与人交往，具备独立思考的能力；"}, {"des": "4、团队协作能力好，有一定的推动能力，抗压抗挫能力强；"}, {"des": "5、具备良好的沟通技巧、表达能力、商务意识；"}, {"des": "6、能适应不定期全国范围内出差。"}],"duty": [{"des": "1、负责公司产品在海外市场的销售及推广；"}, {"des": "2、完成销售目标；"}, {"des": "3、开拓国内市场新客户；"}, {"des": "4、参与制定营销策略并有效执行，完成销售目标，提高市场占有率；"}, {"des": "5、统筹协调内外部资源，解决客户问题，提升客户满意度，增强客户粘性；"}, {"des": "6、收集并分析行业市场信息，制定并实施产品、销售策略和计划；"}]}, {"job": {"en_title": "","id": 12,"img": "","pid": 1,"state": 0,"title": "国内销售经理","workplace": "广州","pay": ""},"li": [{"des": "1、本科以上学历（特别优秀者可放宽至大专），专业不限，有理工科背景者优先聘用；"}, {"des": "2、三年以上电子行业销售工作经验，熟练行业销售及市场开拓工作，对TV，商显类电子产品渠道建设和维护、运营商合作洽谈、行业推广有丰富的实操经验；有较强的国内外市场开拓能力，了解行业发展趋势，有一定的客户资源；"}, {"des": "3、具备敏锐的市场洞察力和判断力，优秀的商务谈判能力和商业信息判决能力；"}, {"des": "4、具有市场拓展能力，组织协调能力，善于捕捉市场机会；具有产品综合解决方案策划能力；"}, {"des": "5、良好的人际沟通和管理能力；"}, {"des": "6、能适应不定期全国范围内出差。"}],"duty": [{"des": "1、负责国内市场的客户开发、商务谈判工作以及客户关系维护和管理；"}, {"des": "2、完成销售目标；"}, {"des": "3、通过多种渠道开发新客户；"}, {"des": "4、负责收集、整理分管市场和客户信息，维护客户关系，掌握及维护客户资源；"}, {"des": "5、主动了解用户需求及产品的市场反映情况，对公司营销策略、售后服务、产品改进、新产品开发等提出参考意见；"}, {"des": "6、收集项目信息、客户信息、竞争对手，竞品等信息并进行分析；定期对国内市场营销环境、目标、计划、业务活动进行分析，及时调整营销策略和计划，制定和纠正措施，确保完成营销目标和营销计划；"}, {"des": "7、管理销售数据，按时提交产品流向、销售分析和总结报告。"}]}, {"job": {"en_title": "","id": 13,"img": "","pid": 1,"state": 0,"title": "国内销售总监","workplace": "广州","pay": ""},"li": [{"des": "1、本科以上学历（特别优秀者可放宽至大专），专业不限，有理工科背景者优先聘用；"}, {"des": "2、八年以上电子行业销售工作经验，五年以上电子行业中大型公司或上市企业大客户销售团队管理经验；"}, {"des": "3、熟练行业销售及市场开拓工作，对TV，商显类电子产品渠道建设和维护、运营商合作洽谈、行业推广有丰富的实操经验；有较强的市场开拓能力，了解行业发展趋势，有一定的客户资源；"}, {"des": "4、商业意识强，具备独立开发国外市场能力和敏锐的国际风险的预防能力；"}, {"des": "5、具备商务谈判能力、人际交往能力、资源整合能力、冲突解决技巧、全局分析能力、讲演说服技巧等；"}, {"des": "6、正直诚信，有高度的工作热情和责任感，抗压能力强，执行力强；"}, {"des": "7、能适应不定期全国范围内出差。"}],"duty": [{"des": "1、负责带领业务团队进行国内市场拓展、产品销售，完成销售任务；"}, {"des": "2、负责国内市场销售管理以及大客户开发；"}, {"des": "3、负责销售主要目标和计划，制定、参与或协助上层执行相关的政策和制度，并主导实施；"}, {"des": "4、优化销售业务流程，完善销售操作管理系统；"}, {"des": "5、负责日常管理工作及下属员工的管理、指导、培训及评估；"}, {"des": "6、负责团队建设，指导和培养部门业务人员的业务工作，通过对业务人员的管理、激励、培训与指导，组建优秀的团队；"}, {"des": "7、 收集整理相关市场发展趋势、需求变化和客户反馈数据信息。"}]}, {"job": {"en_title": "","id": 14,"img": "","pid": 2,"state": 0,"title": "嵌入式技术支持工程师","workplace": "广州","pay": ""},"li": [{"des": "1、1年以上工作经验，精通C语言，有良好的编码习惯；计算机、信息、电子等相关专业学历者优先；"}, {"des": "2、熟练掌握交叉编译环境，熟悉典型Linux系统调用和应用程序开发；"}, {"des": "3、理解软件版本管理，有团队开发管理经验；"}, {"des": "4、对Linux系统内核及驱动程序有深入理解，可以对Linux内核进行深度修改和定制；可以独立编写Linux驱动程序；"}, {"des": "5、深入了解ARM体系结构；熟悉Linux下的常用驱动程序及相关协议，如：以太网、WIFI、USB、I2C、SPI，UART、MIPI、LVDS 、摄像头、声卡等；可以对驱动程序进行深度的优化；"}, {"des": "6、有HISI、MTK、 高通平台开发经验者优先；"}, {"des": "7、具备良好的抗压能力、优秀的沟通能力和团队合作精神。"}],"duty": [{"des": "1、根据项目需要进行Linux内核裁剪；"}, {"des": "2、负责嵌入式Linux内核驱动程序的开发；"}, {"des": "3、负责优化uboot等内核相关模块开发。"}]}, {"job": {"en_title": "","id": 15,"img": "","pid": 2,"state": 0,"title": "安卓技术支持工程师","workplace": "广州","pay": ""},"li": [{"des": "1、电子、计算机、自动化或通信类专业及其相关专业；"}, {"des": "2、对Android的应用开发有一定基础；"}, {"des": "3、熟悉Linxu基本的命令行操作；"}, {"des": "4、熟悉基本的makefile、shell脚本的编写；"}, {"des": "5、有Android应用开发经验者优先；"}, {"des": "6、熟悉Android源码或熟练JNI开发者优先；"}, {"des": "7、熟悉git代码管理工具优先；"}, {"des": "8、具备良好的抗压能力、优秀的沟通能力和团队合作精神。"}],"duty": [{"des": "1、负责客户的技术咨询；"}, {"des": "2、负责客户的技术需求/客诉远程或者现场处理；"}, {"des": "3、负责客户现场技术支持和培训。"}]}, {"job": {"en_title": "","id": 16,"img": "","pid": 2,"state": 0,"title": "软件测试工程师","workplace": "广州、长沙","pay": ""},"li": [{"des": "1、大专或以上学历，计算机或软件相关专业，能够阅读英文专业文献；"}, {"des": "2、2年以上web测试工作经验，有手机app测试经验的优先；"}, {"des": "3、熟悉测试理论，熟悉基于web的网站测试方法；"}, {"des": "4、 熟悉web测试流程，web应用开发相关知识，以及一种以上主流web测试工具（如jmeter、QTP、LoadRunner 等）；"}, {"des": "5、根据平台相关需求写出测试用例；"}, {"des": "6、熟悉浏览器兼容性测试；"}, {"des": "7、有压力测试、性能测试、安全测试经验者优先；"}, {"des": "8、熟悉mysql数据库，熟练使用sql语句进行数据测试；"}, {"des": "9、热爱测试工作并具有高度的工作热情和敬业精神，具有良好的沟通交流、团队合作、抗压能力。"}],"duty": [{"des": "1、参与项目需求分析，提出需求疑问；"}, {"des": "2、负责项目测试计划、测试用例编写，并进行测试计划和用例的评审；"}, {"des": "3、根据测试计划搭建和维护测试环境；"}, {"des": "4、执行测试工作，提交测试报告，包括编写用于测试的自动测试脚本，完整的记录测试结果，编写完整的测试报告等相关的技术文档；5、对测试中发现的问题进行详细分析和准确定位，与开发人员讨论缺陷解决方案；"}, {"des": "5、对测试中发现的问题进行详细分析和准确定位，与开发人员讨论缺陷解决方案；"}, {"des": "6、提出对产品的进一步改进的建议，并评估改进方案是否合理，对测试结果进行总结与统计分析，对测试进行跟踪并提出反馈意见；"}, {"des": "7、为业务部门提供相应技术支持，确保各系统质量指标。"}]}, {"job": {"en_title": "","id": 17,"img": "","pid": 2,"state": 0,"title": "硬件测试工程师","workplace": "广州","pay": ""},"li": [{"des": "1、大专或以上学历，2年及以上的电子行业的硬件测试基础，熟悉电子类测试相关的仪器和设备；"}, {"des": "2、可以看懂硬件设计原理图，并进行简单的硬件电路分析；"}, {"des": "3、较强的动手能力，能自己完成0402规格物料及其以上规格的焊接工作；"}, {"des": "4、较好的语言表达能力，同时具备较强的推动力。"}],"duty": [{"des": "1、硬件设计相关的研发测试任务，客观准确的反馈测试问题点，推动公司产品的完善；"}, {"des": "2、积极学习硬件测试技术，并能根据现有资源制订管控措施、产品标准和测试方法；"}, {"des": "3、参与对终端硬件客诉的问题分析，给出测试建议和改善对策。"}]}, {"job": {"en_title": "","id": 18,"img": "","pid": 2,"state": 0,"title": "可靠性测试工程师","workplace": "广州","pay": ""},"li": [{"des": "1、大专及以上学历，电子工程相关专业优先；"}, {"des": "2、具有两年以上的消费类电子产品行业可靠性测试经验；"}, {"des": "3、熟悉消费类电子产品品质标准及行业品质标准，有较强的动手能力；"}, {"des": "4、熟悉TV主板常规测试方法，具备一定的定位失效问题原因的能力；"}, {"des": "5、具备良好的沟通、计划、执行能力、书面表达能力。"}],"duty": [{"des": "1、根据项目计划制定并执行产品可靠性测试方案，并输出测试报告；"}, {"des": "2、协助品质，制订量产可靠性测试验证及输出测试报告；"}, {"des": "3、对测试问题进行基本的判断分析，并跟踪验证；"}, {"des": "4、实验室设备日常保养，维护以及设备使用指导书的制定。"}]}, {"job": {"en_title": "","id": 19,"img": "","pid": 2,"state": 0,"title": "TE工程师","workplace": "广州","pay": ""},"li": [{"des": "1、有大专或以上的工科或理科知识背景；"}, {"des": "2、有硬件或工程相关的工作经历；"}, {"des": "3、有较强的学习力；"}, {"des": "4、熟悉Windows等常用办公软件的使用，包括excel、word、ppt等编辑；"}, {"des": "5、凡是本职岗位范围内的事，不是被动的等待，而是主动出击，善于总结沉淀积累；"}, {"des": "6、具备良好职业道德与工作责任心，善于沟通交流。"}],"duty": [{"des": "1、测试指南编制，测试覆盖率编制；"}, {"des": "2、指导测试架安装调试，管理测试工具，含维修、维护以及优化；通过工具和软件来优化测试环境，提升产品测试效率；"}, {"des": "3、测试异常处理，对测试端出现的异常，主导和跟进问题的解决直至闭环；"}, {"des": "4、对工厂测试工程师和测试人员进行培训，提升测试人员的操作手法和测试方法；"}, {"des": "5、主导产品可靠性验证，包含产品老化，机械实验，可靠性实验等；"}, {"des": "6、根据重工申请单，制订有效的解决方案。"}]}, {"job": {"en_title": "","id": 20,"img": "","pid": 2,"state": 0,"title": "研发品质工程师（DQA）","workplace": "广州","pay": ""},"li": [{"des": "1、大专或以上学历，5年以上新品质量工程师岗位工作经验，3年以上PCB板卡类研发质量管理经验；"}, {"des": "2、熟悉质量控制计划制定，并监督执行，有编写新品质量标准, 安规、欧美电子产品认证经验，熟练使用 DFMEA,NUDD 质量工具；"}, {"des": "3、有产品测试，项目质量管理经验，熟悉项目质量节点评审把关；"}, {"des": "4、有器件选型经验，熟悉器件失效机理；"}, {"des": "5、持有C1驾照，能够吃苦耐劳者优先。"}],"duty": [{"des": "1、新产品立项评审，新产品质量标准、计划制定并监督实施，识别设计过程中的风险点并推动做好新品质量预防；"}, {"des": "2、参与项目阶段的节点评审和节点把关，对项目过程中的问题闭环状况进行验证，对项目质量结果负责；"}, {"des": "3、负责设计变更需求的验证计划制定和实施；"}, {"des": "4、主导建立设计规范和标准化。"}]}, {"job": {"en_title": "","id": 21,"img": "","pid": 2,"state": 0,"title": "产品经理","workplace": "广州","pay": ""},"li": [{"des": "1、本科以上学历，互联网产品管理或产品策划2年以上工作经验；"}, {"des": "2、掌握可用性设计的专业知识，并具备实际经验，能够运用信息结构，交互设计原则等知识完成可用性高的产品设计；"}, {"des": "3、精通互联网产品交互设计的相关流程，包括功能分析、用户角色分析、原型设计(Axure)、界面开发、易用性测试等；"}, {"des": "4、优秀的沟通与协调能力，有和UI、开发、测试、市场、运营等跨功能团队协作的经验；"}, {"des": "5、熟悉互联网或软件产品整体实现过程，包括从需求分析到产品发布；"}, {"des": "6、拥有清晰的产品设计思路，对所处行业有全面了解和独到认识，拥有整体把握产品的能力；"}, {"des": "7、对互联网产品有敏锐的直觉和良好的市场分析能力；"}, {"des": "8、熟悉产品市场运作流程，对潜在价值有一定挖掘能力。"}],"duty": [{"des": "1、负责互联网产品的竞品优缺点分析，及时掌握竞品动态，并持续改善产品;"}, {"des": "2、负责研究用户行为习惯，提升产品的易用性和使用；"}, {"des": "3、参与产品生命周期的各个环节，从初期的概念设计，到上线后收集用户反馈，分析用户行为及需求，对产品进行持续的优化和改进，提高用户活跃度；"}, {"des": "4、负责互联网产品的功能原型设计，熟悉Axure、思维导图、流程图制作，协调开发人员进行开发工作，推动及协调产品的开发进度，把控项目质量；"}, {"des": "5、负责与研发、设计、测试等部门沟通，确保协作部门对产品文档的有充分的理解；"}, {"des": "6、负责公司内部和外部产品知识培训；"}, {"des": "7、辨别和发现生产、销售、推广、售后服务等与产品有关的环节中的问题，并提出解决意见；"}, {"des": "8、用产品知识、产品推广策略和产品相关信息去培训、支持和帮助销售人员，并激励他们达到销售目标；"}, {"des": "9、拓展产品推广渠道，并管理各渠道的效果。"}]}, {"job": {"en_title": "","id": 22,"img": "","pid": 2,"state": 0,"title": "交互设计师","workplace": "广州","pay": ""},"li": [{"des": "1、具备良好的文字功底，思路清晰，有能力编写易读的使用说明和帮助文档；"}, {"des": "2、熟练掌握原型设计、各种交付物制作软件；"}, {"des": "3、能快速构建高质量的信息构架、流程图、线框图、交互原型；精通故事板、原型设计、信息设计的原则和方法；"}, {"des": "4、逻辑思维能力强，熟练掌握业务需求分析、产品需求分解的技巧；"}, {"des": "5、熟悉 UCD 方法和工作流程；"}, {"des": "6、具有美术功底及良好的创意构思能力，很好把握视觉色彩与网站布局，思想敏锐活跃，有独到的审美修养；"}, {"des": "7、具备专业用户体验理论的知识储备，能阐述具有说服力的设计理论，视野宽广，了解交互行业的发展趋势，对新鲜和流行充满好奇心；"}, {"des": "8、具备良好的软件用户界面交互设计和分析能力, 善于发现和提出给用户带来方便的界面特性设计；"}, {"des": "9、认真细致，善于创新，良好的团队协作性，及出色的观察与产品界面分析能力；"}, {"des": "10、对互联网行业热情，对互联网产品有深入体验和理解。"}],"duty": [{"des": "1、通过用户研究和数据分析，制定产品信息架构、界面布局、功能引导、操作流程等优化方案，提升产品的易用性；"}, {"des": "2、持续关注并分析行业竞品，提炼基于产品特性及用户特性的体验优点，并能够合理转化和进行设计借鉴；"}, {"des": "3、负责产品的策划与创新，进行需求调研分析，提供产品原型、需求分析、功能描述等文档；"}, {"des": "4、制作包含产品流程图、产品需求文档及产品原型，持续跟踪产品上线的数据，分析产品达标情况；"}, {"des": "5、与视觉设计师合作完成页面视觉效果图，并协同前端开发团队实现交互效果；"}, {"des": "6、定义交互设计规范及交互元件库，并对其进行维护、更新；"}, {"des": "7、了解用户研究方法，能配合用户研究员的研究工作以支持设计。"}]}, {"job": {"en_title": "","id": 23,"img": "","pid": 2,"state": 0,"title": "UI设计师","workplace": "广州","pay": ""},"li": [{"des": "1、美术、平面设计相关专业，大学本科及以上学历；"}, {"des": "2、有相关经验者优先；"}, {"des": "3、熟练掌握Flash、Fireworks、Dreamweaver、Photoshop、Coreldraw等设计软件；"}, {"des": "4、热爱本职工作，工作细心、责任心强；"}, {"des": "5、具有较强的理解、领悟能力、工作协调能力和创造力。"}],"duty": [{"des": "1、协助项目进行产品界面设计；"}, {"des": "2、对公司网站界面进行设计修改，协助进行网站更新及维护工作；"}, {"des": "3、协助各业务部门制作PPT、产品演示版本等；"}, {"des": "4、协助设计主管进行平面、动画制作类的相关标准制定以及流程的制定及创新工作；"}, {"des": "5、负责公司CI、产品包装、广告宣传等的美术设计制作等；"}, {"des": "6、其他相关美术设计方面的工作。"}]}, {"job": {"en_title": "","id": 24,"img": "","pid": 2,"state": 0,"title": "客户品质工程师（CQA）","workplace": "广州","pay": ""},"li": [{"des": "1、大专或以上学历，五年及以上同行或大型企业相关工作经历；"}, {"des": "2、能随时把握行业标准的更新情报，运用到质量保证体系的管理；"}, {"des": "3、良好工程分析能力和英语读写能力，较强的策划组织管理能力；"}, {"des": "4、有委外加工生产的相关工作经验；"}, {"des": "5、持有C1驾照，能够吃苦耐劳者优先。"}],"duty": [{"des": "1、负责客户稽核，客户协议审核、协助谈判等管理工作；"}, {"des": "2、收集客户品质要求，同行业品质水准，建立内部质量标准并推动执行；"}, {"des": "3、主导客诉异常处理，跟进和协调和相关部门分析及结案；"}, {"des": "4、负责流程梳理及改善推进，减少产品客诉事件；"}, {"des": "5、跟进客户服务，协调和组织外协厂和内部品质同事参与异常处理，满足客户质量需求，提升客户满意度；"}, {"des": "6、定期拜访客户，维护客户关系。"}]}, {"job": {"en_title": "","id": 25,"img": "","pid": 2,"state": 0,"title": "供应链品质管理工程师（SQE）","workplace": "广州","pay": ""},"li": [{"des": "1、能随时把握行业标准的更新情报，运用到质量保证体系的管理；"}, {"des": "2、良好工程分析能力和英语读写能力，较强的策划组织管理能力；"}, {"des": "3、有委外加工生产的相关工作经验；"}, {"des": "4、持有C1驾照，能够吃苦耐劳者优先。"}],"duty": [{"des": "1、做好供应商质量管控，确保来料品质及物料改善、优化，了解行业内品质水准，不断提升物料品质合格率；"}, {"des": "2、负责供应商评审，稽核，辅导等管理工作；"}, {"des": "3、主导物料异常处理，来料，制成，客诉，售后物料异常处理；"}, {"des": "4、不良原材MRB，对供应商进行索赔,针对严重不良，向供应商提出8D要求，并跟踪纠正措施有效性；"}, {"des": "5、供应商绩效评定以及质量改善推动；"}, {"des": "6、新供应商导入评估及审厂；"}, {"des": "7、负责物料可制造性及物料风险评估，降低隐患；"}, {"des": "8、与供应商召开品质会议；"}, {"des": "9、负责物料检验标准的建立和优化；10、负责供应商品质协议梳理，更新，优化及风险评估。"}]}, {"job": {"en_title": "","id": 26,"img": "","pid": 2,"state": 0,"title": "制程品质工程师（PQE）","workplace": "广州","pay": ""},"li": [{"des": "1、大专或大专以上学历，同岗位三年以上工作经验并适合出差（深圳龙岗、南山区域等）；"}, {"des": "2、熟悉PCBA产品的制造工艺、加工工艺、检验方法、检验标准；"}, {"des": "3、会使用QC工具，有扎实的理论基础和实践工作经验，能独立解决产品质量问题；"}, {"des": "4、熟悉ISO9001/ISO14001体系，熟悉现场品质管控；"}, {"des": "5、熟悉SMT制程的工艺要求和检验标准;"}, {"des": "6、从事过SMT生产管理或品质管理的优先;"}, {"des": "7、具有较强的应变能力，责任心强，有良好的团队合作精神。"}],"duty": [{"des": "1、主导客户验厂审核； "}, {"des": "2、制定加工厂产品质量保证计划； "}, {"des": "3、负责加工厂的评审，稽核，辅导等管理工作； "}, {"des": "4、主导加工厂的质量改善项目，对工厂制成异常及客诉进行分析并改善；"}, {"des": "5、主导制成品质异常处理，确认改善措施，跟进改善进度，确认问题闭环；"}, {"des": "6、负责制成管控相关流程的梳理和改善推进，推动工厂不断优化，不断提升品质合格率； "}, {"des": "7、建立产品出货检验标准，不断完善和更新；"}, {"des": "8、工厂制成品质异常判定，处理及重工方法确认；"}, {"des": "9、负责工厂主要工位报表确认，日报，周报，月报，对报表进行数据分析，对重复发生问题推动工厂改善，确认改善效果及闭环；"}, {"des": "10、组织召开工厂品质周会/月会，确认工厂本周/本月品质情况，问题点及改善措施，上周/上个月问题点关闭情况，重复发生问题原因及对策。"}]}, {"job": {"en_title": "","id": 27,"img": "","pid": 2,"state": 0,"title": "售后工程师","workplace": "广州","pay": ""},"li": [{"des": "1、中专及以上学历，电子工程相关专业优先；"}, {"des": "2、具有两年以上的消费类电子产品行业维修经验；"}, {"des": "3、具备良好的沟通、执行能力。"}],"duty": [{"des": "1、售后板卡维修；"}, {"des": "2、客户生产现场支持；"}, {"des": "3、协助硬件工程师完成辅助硬件工作。"}]}, {"job": {"en_title": "","id": 28,"img": "","pid": 2,"state": 0,"title": "生产计划工程师","workplace": "广州","pay": ""},"li": [{"des": "1、工作细致专注，有较强学习力；"}, {"des": "2、熟悉Windows等常用办公软件的使用，包括excel、word、ppt等编辑；"}, {"des": "3、具备良好职业道德与工作责任心，善于沟通交流；"}, {"des": "4、有3-5年工厂计划管理经验者优先。"}],"duty": [{"des": "1、负责生产订单全面管理工作，协调各相关部门促成生产交期的实现；"}, {"des": "2、负责产品报价的管理工作；"}, {"des": "3、根据订单情况，有效的分配订单生产单位，有计划地实施订单的过程管理；"}, {"des": "4、产品出货计划和出货安排的工作管理；"}, {"des": "5、日常订单生产数据统计以及物料齐套率和出货达成率的准确统计；"}, {"des": "6、软件系统的日常工作维护和数据录入处理；"}, {"des": "7、相关事项和订单月度对账工作。"}]}, {"job": {"en_title": "","id": 29,"img": "","pid": 2,"state": 0,"title": "PE工程师","workplace": "广州","pay": ""},"li": [{"des": "1、具备良好的沟通能力和协调能力，抗压性强，有很好的自我调节能力；"}, {"des": "2、熟悉电子元器件，有电子相关行业采购经验；"}, {"des": "3、了解电子产品及元器件的加工生产采购流程；"}, {"des": "4、具备一定的供应链资源，了解行业信息；"}, {"des": "5、有强烈的责任心、求知欲望，学习能力强，工作习惯良好，为人正直；"}, {"des": "6、有C1驾照者优先。"}],"duty": [{"des": "1、生产工艺标准建立，如：三防标准、DFM标准、产品工艺规范等；"}, {"des": "2、对新产品进行评审，包括工艺和拼版等；申请单板生产资料并发放，编制生产注意事项；"}, {"des": "3、跟进新产品不同阶段试制，检验SMT，DIP端的生产和设计问题，制作试产报告，主导试产检讨会议召开；"}, {"des": "4、对量产和试产出现的工艺/材料问题(含客户端)，指导和推动工厂端对问题进行解决，提升产品质量；"}, {"des": "5、检验和确定生产产能，不断针对生产工艺和测试手段进行合理优化，提高生产效率，降低生产成本；"}, {"des": "6、产品低成本包装方案的研究与设计，对新的包装方式实施可靠性验证。"}]}, {"job": {"en_title": "","id": 30,"img": "","pid": 3,"state": 0,"title": "硬件工程师","workplace": "广州、长沙","pay": ""},"li": [{"des": "1、本科或以上学历，电子类及相关专业，三年及以上同行或大型企业相关工作经历；"}, {"des": "2、能熟练使用Protel、Cadence进行原理图设计；"}, {"des": "3、深入了解各种电子元器件的参数，精通模拟电路、高频电路、数字电路、通信原理等，熟悉嵌入式系统硬件设计；"}, {"des": "4、熟练操作各种电子仪器仪表及工具，精通硬件调试，有从事过液晶电视（LCD TV）、液晶显示控制主板开发经验者优先考虑；"}, {"des": "5、熟悉CE、3C认证、ESD防护，能独立进行整改；"}, {"des": "6、具备良好的学习、动手能力，对硬件开发具有浓厚的兴趣和爱好、勤于思考、善于研究；"}, {"des": "7、满足以上条件，且有事业心、有创业精神者优先。"}],"duty": [{"des": "1、研发项目原理图设计与开发工作；"}, {"des": "2、调试研发新产品；"}, {"des": "3、物料的评估及选用；"}, {"des": "4、根据客户及市场需求进行现场技术沟通及技术指导工作。"}]}, {"job": {"en_title": "","id": 31,"img": "","pid": 3,"state": 0,"title": "PCB Layout工程师","workplace": "广州、长沙","pay": ""},"li": [{"des": "1、本科或以上学历，电子类及相关专业，三年及以上同行或大型企业相关工作经历；"}, {"des": "2、模拟和数字电路基础知识扎实；"}, {"des": "3、熟练PADS软件；；"}, {"des": "4、善于沟通，工作细心，责任心强；"}, {"des": "5、满足以上条件，且有事业心、有创业精神者优先。"}],"duty": [{"des": "1、参与项目开发工作，新方案PCB Layout；"}, {"des": "2、维护公司所有物料的封装库；"}, {"des": "3、根据生产工艺要求及产品性能要求优化PCB设计；"}]}, {"job": {"en_title": "","id": 32,"img": "","pid": 3,"state": 0,"title": "电源工程师","workplace": "广州、长沙","pay": ""},"li": [{"des": "1、本科及以上，三年及以上电源设计经验，有TV电源行业经验者优先"}, {"des": "2、熟练掌握并设计反激，正激，PFC，LLC，同步整流等等电源拓扑；"}, {"des": "3、熟练掌握绘图工具进行原理图及PCB设计，对EMC具有较好的整改经验"}, {"des": "4、具有专研及创新精神，细心负责，积极进取，团队协作性强，有扎实的理论基础能科学的分析问题。"}],"duty": [{"des": "1、电源方案原理图设计、物料选型；"}, {"des": "2、拟制或审核开发过程文件；"}, {"des": "3、产品的调试；"}, {"des": "4、解决产品的技术问题点；"}, {"des": "5、处理客户问题。"}]}, {"job": {"en_title": "","id": 33,"img": "","pid": 3,"state": 0,"title": "安卓应用开发工程师","workplace": "广州、长沙","pay": ""},"li": [{"des": "1、 全日制本科及以上学历，计算机、软件、电子及相关专业，三年及以上同行或大型企业相关工作经历；"}, {"des": "2、 精通Android SDK中的UI、网络、数据库、XML/JSON解析等开发技巧；"}, {"des": "3、 熟悉各种算法与数据结构，多线程，网络编程（Socket、TCP/IP、http）等；"}, {"des": "4、 熟悉Android各版本的特点，对性能优化、UI适配有一定经验;"}, {"des": "5、 有嵌入式软件开发相关经验者优先；"}, {"des": "6、 英语四级以上水平；"}, {"des": "7、 工作认真负责，具有良好的沟通能力和团队合作精神，能承担较大工作压力。"}],"duty": [{"des": "1、负责Android平台上的应用软件的设计、开发、移植；"}, {"des": "2、 按软件需求完成界面、逻辑功能、网络通信等设计；"}, {"des": "3、 配合其他开发人员、测试人员，完成产品设计和发布；"}, {"des": "4、 编写相关开发文档、技术资料等。"}]}, {"job": {"en_title": "","id": 34,"img": "","pid": 3,"state": 0,"title": "安卓系统开发工程师","workplace": "广州、长沙","pay": ""},"li": [{"des": "1、计算机或相关专业本科以上学历，三年及以上同行或大型企业相关工作经历；"}, {"des": "2、具备扎实的C、C++或java编程基础，丰富的嵌入式经验，熟悉ARM处理器架构；"}, {"des": "3、熟悉Linux kernel内部的基本数据结构和相关部分的算法实现；"}, {"des": "4、熟悉Linux内核及驱动的开发与调试；"}, {"des": "5、熟悉Android Hal和framework开发；"}, {"des": "6、熟悉Android SDK，或有J2ME开发经验，熟悉J2ME绘制流程、内存优化与线程使用者优先；"}, {"des": "7、熟悉JNI/NDK者优先；"}, {"des": "8、熟悉Android下网络编程经验者优先；"}, {"des": "9、有系统优化，如内存，性能的优化经验。"}],"duty": [{"des": "1、负责Linux内核与驱动程序的开发、移植与维护工作；"}, {"des": "2、负责Android HAL的开发、移植与维护工作；"}, {"des": "3、参与Android框架开发和维护，SDK 开发；"}, {"des": "4、分析和解决在系统集成期间发现的问题；"}, {"des": "5、优化Linux内核和驱动。"}]}, {"job": {"en_title": "","id": 35,"img": "","pid": 3,"state": 0,"title": "LINUX应用开发工程师","workplace": "广州、长沙","pay": ""},"li": [{"des": "1、熟练掌握C/C++；"}, {"des": "2、熟悉LINUX操作系统；"}, {"des": "3、会基于LINUX系统开发移植应用；"}, {"des": "4、有开发人脸识别算法和应用的优先。"}],"duty": [{"des": "1、负责公司AIOT产品线应用开发；"}, {"des": "2、负责AI算法的移植和应用开发工作；"}, {"des": "3、负责AIOT产品软件系统的优化；"}, {"des": "4、负责AIOT产品硬件适配及自动化测试软件开发；"}]}, {"job": {"en_title": "","id": 36,"img": "","pid": 3,"state": 0,"title": "LINUX驱动开发工程师","workplace": "广州、长沙","pay": ""},"li": [{"des": "1、5年以上工作经验，精通C语言，有良好的编码习惯；计算机、信息、电子等相关专业学历者优先；"}, {"des": "2、熟练掌握交叉编译环境，熟悉典型Linux系统调用和应用程序开发；"}, {"des": "3、理解软件版本管理，有团队开发管理经验；"}, {"des": "4、对Linux系统内核及驱动程序有深入理解，可以对Linux内核进行深度修改和定制；可以独立编写Linux驱动程序；"}, {"des": "5、深入了解ARM体系结构；熟悉Linux下的常用驱动程序及相关协议，如：以太网、WIFI、USB、I2C、SPI，UART、MIPI、LVDS 、摄像头、声卡等；可以对驱动程序进行深度的优化；"}, {"des": "6、有HISI、MTK、 高通平台开发经验者优先；"}, {"des": "7、具备优秀的沟通能力和团队合作精神。"}],"duty": [{"des": "1、根据项目需要进行Linux内核裁剪；"}, {"des": "2、负责嵌入式Linux内核驱动程序的开发；"}, {"des": "3、负责优化uboot等内核相关模块开发。"}]}, {"job": {"en_title": "","id": 37,"img": "","pid": 3,"state": 0,"title": "Web前端开发工程师","workplace": "广州、长沙","pay": ""},"li": [{"des": "1、熟练掌握Photoshop/Coredraw/Illustrator等前端设计工具；"}, {"des": "2、精通html/css/javascript，尤其擅长用css+div，能在前端独当一面；"}, {"des": "3、熟练使用JQuery及其常用插件实现各种网页特效；"}, {"des": "4、熟悉W3C标准，对表现与数据分离、Web语义化等有深刻理解；"}, {"des": "5、精通各大主流浏览器兼容开发；"}, {"des": "6、对用户体验、交互操作流程、及用户需求有深入理解；"}, {"des": "7、认真负责,沟通协作意识良好,能够承担工作压力,具备良好的逻辑思维能力和学习能力；"}, {"des": "8、有良好的团队合作精神,有责任感,有较好的沟通能力。"}],"duty": [{"des": "1、负责网站产品与手机APP相关界面设计、制作；"}, {"des": "2、psd切图，div/css标准网页制作，解决主流浏览器兼容性问题，完成网站视觉优化；"}, {"des": "3、与后台工程师配合，展示数据；"}, {"des": "4、特殊js交互效果的实现，Ajax代码实现；"}, {"des": "5、前端代码优化，参与设计网站效果图并完成web前端的开发工作；"}, {"des": "6、负责前端框架的设计与建设。"}]}, {"job": {"en_title": "","id": 38,"img": "","pid": 3,"state": 0,"title": "Java Web后台开发工程师","workplace": "广州、长沙","pay": ""},"li": [{"des": "1、扎实的计算理论基础；"}, {"des": "2、熟悉spring、springmvc、Springboot、shiro、、redis、hibernate、js、ajax、bootstrap等；"}, {"des": "3、JAVA基础扎实，熟悉面向对象程序设计（OOP）与基本的设计模式，了解Linux及基本的操作命令；"}, {"des": "4、对用户体验提升执着、对技术热爱；"}, {"des": "5、认真负责,沟通协作意识良好,能够承担工作压力,具备良好的逻辑思维能力和学习能力。"}],"duty": [{"des": "1、从事产品后台的设计、开发、优化、运营工作；"}, {"des": "2、研究用户的使用习惯，提升产品的用户体验；"}, {"des": "3、参与新技术的预研。"}]}, {"job": {"en_title": "","id": 39,"img": "","pid": 3,"state": 0,"title": "Java后台系统架构师","workplace": "广州、长沙","pay": ""},"li": [{"des": "1、五年以上网站开发经验，两年以上大规模高并发访问的Web应用架构设计和核心开发经验；"}, {"des": "2、能深入理解业务架构和业务流程，设计系统结构；并能分析和发现系统的优化点，负责推动产品性能和架构优化；"}, {"des": "3、熟悉web系统相关业务的各类解决方案；如高并发、session同步、Nginx、Redis等；"}, {"des": "4、熟悉面向对象技术和设计模式，熟练使用主流开源框架，如Spring, MyBatis, iBatis,以及Maven、GIT等常用开发工具或工具库；"}, {"des": "5、精通网络和服务器优化、缓存、分布式存储技术，拥有异构系统开发部署和优化经验；"}, {"des": "6、认真负责,沟通协作意识良好,能够承担工作压力,具备良好的逻辑思维能力和学习能力；"}, {"des": "7、有良好的团队合作精神,有责任感,有较好的沟通能力。"}],"duty": [{"des": "1、负责公司业务核心技术架构设计、业务架构与研发工作；"}, {"des": "2、维护、升级和优化现有系统,并能够快速定位并及时修复软件缺陷；"}, {"des": "3、负责重点项目推进和外部协调沟通达到项目高效高质量快速落地。"}]}, {"job": {"en_title": "","id": 40,"img": "","pid": 3,"state": 0,"title": "嵌入式软件开发工程师","workplace": "广州、长沙","pay": ""},"li": [{"des": "1、电子、计算机、自动化或通信类专业毕业，本科以上学历；"}, {"des": "2、熟悉Linux或者Android系统 ；"}, {"des": "3、熟练C/C++编程；"}, {"des": "4、熟悉socket编程；"}, {"des": "5、英语四级以上水平；"}, {"des": "6、有电子、机顶盒、平板、电视等产品开发经验者优先；"}, {"des": "7、有JAVA（J2SE,J2ME）开发经验者优先；"}, {"des": "8、工作认真负责，具有良好的沟通能力和团队合作精神，能承担较大工作压力。"}],"duty": [{"des": "1、配合硬件工程师调试新产品；"}, {"des": "2、制作、移植嵌入式操作系统并完成所需的驱动开发；"}, {"des": "3、完成嵌入式产品的系统开发、功能应用开发。"}]}, {"job": {"en_title": "","id": 41,"img": "","pid": 3,"state": 0,"title": "测试开发工程师","workplace": "广州","pay": ""},"li": [{"des": "1、熟悉Linux操作系统，linux shell命令，掌握Python,shell等脚本编程语言；"}, {"des": "2、精通GIT、svn、Jenkins、Maven、gradle等工具, 了解DevOps理念及相关工具栈；"}, {"des": "3、至少精通或者熟练掌握Java/python语言中的一种或多种，熟悉多范式编程；"}, {"des": "4、熟悉一种持续集成工具，具有持续集成，持续部署落地经验。"}],"duty": [{"des": "1、建立和维护CI系统，确保作业能够按计划执行，数据能够被成功捕获； "}, {"des": "2、负责实验室管理，包括网络、服务器、DUT和设备；"}, {"des": "3、定期分析和报告自动化开发和执行进度；"}, {"des": "4、解决自动脚本和工具上的问题。"}]}]}}