{"joinCampus": {"typeList": [{"id": 0,"sort": 0,"state": 0,"title": "管理类"}, {"id": 1,"sort": 1,"state": 0,"title": "销售类"}, {"id": 2,"sort": 2,"state": 0,"title": "支持类"}, {"id": 3,"sort": 3,"state": 0,"title": "研发类"}],"dataList": [{"job": {"en_title": "","id": 0,"img": "","pid": 0,"state": 0,"title": "管理培训生","workplace": "广州","pay": "本科：7K+/月 &nbsp;&nbsp; 硕士：8K+/月"},"li": [{"des": "1、全日制本科及以上学历，英语过CET-4级；"}, {"des": "2、学习力强、有良好的沟通交流、团队合作、抗压能力；"}, {"des": "3、有独立的思考能力和明确的工作立场；"}, {"des": "4、有高度的工作热情和敬业精神；"}, {"des": "5、对电子行业感兴趣，且有事业心、有创业精神者优先。"}],"duty": [{"des": "1、从事商务类及管理类的工作，例如：供应链管理、销售管理、项目管理、人事行政管理等；"}, {"des": "2、公司提供轮岗学习的平台，在实践中熟悉公司运营，了解自己的职业倾向，培养岗位的兴趣爱好，并在轮岗后确定个人的发展方向。"}]}, {"job": {"en_title": "","id": 1,"img": "","pid": 0,"state": -1,"title": "客服工程师","workplace": "广州","pay": "本科：7K+/月 &nbsp;&nbsp; 硕士：8K+/月"},"li": [{"des": "1、全日制本科及以上学历，电子、计算机等理工科相关专业优先；"}, {"des": "2、能够快速理解和学习电子及软件产品的功能应用； "}, {"des": "3、普通话标准，耐心细致，有很好的服务意识；"}, {"des": "4、较强的应变与沟通能力，能够快速协调资源解决问题。较好的问题梳理和总结能力，勇于推动内部改善产品，抗压性强。"}],"duty": [{"des": "1、解答客户对公司产品售前、安装、操作等问题； "}, {"des": "2、处理市场端的客户投诉或质量事件，并进行相应客情关系维护； "}, {"des": "3、收集产品在客户端使用的情况与问题，反馈并推动研发改善；"}, {"des": "4、根据客户的常见问题编制及整理技术支持资料；"}, {"des": "5、协助销售部门为客户提供在线或现场的产品演示及应用培训。"}]}, {"job": {"en_title": "","id": 2,"img": "","pid": 1,"state": 0,"title": "海外销售工程师","workplace": "广州","pay": "本科/硕士：6-10K+/月"},"li": [{"des": "1、全日制本科及以上学历，英语口语熟练（需作为工作语言），书面表达流畅；"}, {"des": "2、拥有强烈的攫取欲望，良好的学习欲望及学习能力；"}, {"des": "3、亲和力好，喜欢并善于与人交往，具备独立思考的能力；"}, {"des": "4、团队协作能力好，有一定的推动能力，抗压抗挫能力强；"}, {"des": "5、具备良好的沟通技巧、表达能力、商务意识；"}, {"des": "6、能适应不定期国内或国外出差。"}],"duty": [{"des": "1、负责公司产品在海外市场的销售及推广；"}, {"des": "2、通过海外商业展会等方式，积极开拓海外市场新客户；"}, {"des": "3、参与制定营销策略并有效执行，完成销售目标，提高市场占有率；"}, {"des": "4、统筹协调内外部资源，解决客户问题，提升客户满意度，增强客户粘性；"}, {"des": "5、收集并分析行业市场信息，制定并实施产品、销售策略和计划。"}]}, {"job": {"en_title": "","id": 3,"img": "","pid": 1,"state": 0,"title": "国内销售工程师","workplace": "广州","pay": "本科/硕士：6-10K+/月"},"li": [{"des": "1、全日制本科及以上学历；"}, {"des": "2、拥有强烈的攫取欲望，良好的学习欲望及学习能力；"}, {"des": "3、亲和力好，喜欢并善于与人交往，具备独立思考的能力；"}, {"des": "4、团队协作能力好，有一定的推动能力，抗压抗挫能力强；"}, {"des": "5、具备良好的沟通技巧、表达能力、商务意识；"}, {"des": "6、能适应不定期全国范围内出差。"}],"duty": [{"des": "1、负责公司产品在国内市场的销售及推广；"}, {"des": "2、参与制定营销策略并有效执行，完成销售目标，提高市场占有率；"}, {"des": "3、统筹协调内外部资源，解决客户问题，提升客户满意度，增强客户粘性；"}, {"des": "4、收集并分析行业市场信息，制定并实施产品、销售策略和计划。"}]}, {"job": {"en_title": "","id": 4,"img": "","pid": 2,"state": 0,"title": "嵌入式技术支持工程师","workplace": "广州","pay": "本科：7K+/月 &nbsp;&nbsp; 硕士：8K+/月"},"li": [{"des": "1、全日制本科，电子、计算机、自动化或通信类专业及其相关专业；"}, {"des": "2、熟悉Linux系统或者安卓系统；"}, {"des": "3、熟悉C/C++语言；"}, {"des": "4、有良好的英语文献阅读能力；"}, {"des": "5、乐观开朗，抗压能力好；"}, {"des": "6、有良好的沟通表达能力；"}, {"des": "7、服务意识强。"}],"duty": [{"des": "1、负责客户的技术咨询；"}, {"des": "2、负责客户的技术需求/客诉远程或者现场处理；"}, {"des": "3、负责客户现场技术支持和培训。"}]}, {"job": {"en_title": "","id": 5,"img": "","pid": 2,"state": -1,"title": "安卓技术支持工程师","workplace": "广州","pay": "本科：7K+/月 &nbsp;&nbsp; 硕士：8K+/月"},"li": [{"des": "1、全日制本科，电子、计算机、自动化或通信类专业及其相关专业；"}, {"des": "2、熟悉Linux系统或者安卓系统；"}, {"des": "3、掌握基本的makefile、shell脚本的编写；"}, {"des": "4、有Android应用开发经验者优先；"}, {"des": "5、熟悉git代码管理工具优先；"}, {"des": "6、乐观开朗，抗压能力好；"}, {"des": "7、有良好的沟通表达能力；"}, {"des": "8、服务意识强。"}],"duty": [{"des": "1、负责客户的技术咨询；"}, {"des": "2、负责客户的技术需求/客诉远程或者现场处理；"}, {"des": "3、负责客户现场技术支持和培训。"}]}, {"job": {"en_title": "","id": 6,"img": "","pid": 2,"state": 0,"title": "硬件技术支持工程师","workplace": "广州","pay": "本科：7K+/月 &nbsp;&nbsp; 硕士：8K+/月"},"li": [{"des": "1、具有良好的电路基础，熟练掌握模拟电路及数字电路知识，有电路设计经验者优先"}, {"des": "2、掌握常用的原理图、PCB设计工具、有较强的动手能力"}, {"des": "3、良好的沟通表达能力、亲和力、善于与人交往"}, {"des": "4、喜欢出差，有良好的服务意识。"}],"duty": [{"des": "1、负责客户端、代工厂硬件相关技术问题处理；"}, {"des": "2、参与产品故障分析、器件的选型；"}, {"des": "3、推动内部研发优化设计。 "}]}, {"job": {"en_title": "","id": 7,"img": "","pid": 2,"state": -1,"title": "测试开发工程师","workplace": "广州、长沙","pay": "本科：7K+/月 &nbsp;&nbsp; 硕士：8K+/月"},"li": [{"des": "1、熟悉Linux操作系统，linux shell命令，掌握Python与Java语言"}, {"des": "2、了解数据库，能熟练进行基本SQL语句的编写"}, {"des": "3、了解web、移动测试相关技能，了解软件测试流程和测试用例设计方法"}, {"des": "4、了解HTTP协议、Web架构、RESTful API及互联网应用的工作原理"}, {"des": "5、对提升产品交付质量及效率有浓厚兴趣"}, {"des": "6、认真负责,沟通协作意识良好,能够承担工作压力,具备良好的逻辑思维能力和学习能力。"}],"duty": [{"des": "1、参与需求的整个生命周期，完成从 Web 端到 APP 端，从接口测试到系统测试的各个环节。"}, {"des": "2、维护业务模块的 Appium + Python 自动化脚本，并优化自动化测试框架。"}, {"des": "3、验证需求的前端和后端性能指标，提供相应的测试报告和测试建议。"}, {"des": "4、参与我们的测试平台开发。"}]}, {"job": {"en_title": "","id": 8,"img": "","pid": 2,"state": 0,"title": "软件测试工程师","workplace": "广州、长沙","pay": "本科：7K+/月 &nbsp;&nbsp; 硕士：8K+/月"},"li": [{"des": "1、全日制本科及以上学历，计算机或软件相关专业，能够阅读英文专业文献；"}, {"des": "2、熟悉软件测试理论、有硬件相关基础知识更佳；"}, {"des": "3、具备很强的学习能力、很好的耐心、很好的发散思维；"}, {"des": "4、善于总结、分析；"}, {"des": "5、热爱测试工作，具有良好的沟通交流、团队合作、抗压能力。"}],"duty": [{"des": "1、参与项目需求分析；"}, {"des": "2、负责项目测试计划、测试用例的编写，并进行测试计划和用例的评审；"}, {"des": "3、根据测试计划搭建和维护测试环境；"}, {"des": "4、执行测试用例，提交测试报告；"}, {"des": "5、对测试结果进行总结与统计分析。"}]}, {"job": {"en_title": "","id": 9,"img": "","pid": 2,"state": 0,"title": "硬件测试工程师","workplace": "广州","pay": "本科：7K+/月 &nbsp;&nbsp; 硕士：8K+/月"},"li": [{"des": "1、全日制本科及以上学历；"}, {"des": "2、熟悉电子类测试相关的仪器和设备；"}, {"des": "3、可以看懂硬件设计原理图，并进行简单的硬件电路分析；"}, {"des": "4、较强的动手能力，能自己完成0402规格物料及其以上规格的焊接工作；"}, {"des": "5、较好的语言表达能力，同时具备较强的推动力；"}, {"des": "6、 热爱测试工作，具有良好的沟通交流、团队合作、抗压能力。"}],"duty": [{"des": "1、硬件设计相关的研发测试任务，客观准确的反馈测试问题点，推动公司产品的完善；"}, {"des": "2、积极学习硬件测试技术，并能根据现有资源制订管控措施、产品标准和测试方法；"}, {"des": "3、参与对终端硬件客诉的问题分析，给出测试建议和改善对策。"}]}, {"job": {"en_title": "","id": 10,"img": "","pid": 2,"state": 0,"title": "产品及交互设计师","workplace": "广州","pay": "本科：7K+/月  硕士：8K+/月"},"li": [{"des": "1、全日制本科及以上学历，专业不限；"}, {"des": "2、掌握可用性设计的专业知识，并具备实际经验，能够运用信息结构，交互设计原则等知识完成可用性高的产品设计；"}, {"des": "3、拥有罗辑思堆、系统分析、学习创新、语言表达多方面能力，对业务逻辑与操作场景敏感；"}, {"des": "4、主动发现现状，关汪细节和落地，努力deliver，团队目标感强；"}, {"des": "5、熟悉互联网产品和技术主流发展动态．有设计或运营互联网产品经验或能证明你在这方面潜力。"}],"duty": [{"des": "1、对所负责的产品线做需求分析和梳理、产品定位及规划、功能迭代；"}, {"des": "2、负责产品的各个平台应用形态、后台系统从规划、设计，跟进设计、开发、测试到最终上线整个产品周期；"}, {"des": "3、负责产品需求文档与产品原型设计，协助团队成员梳理和掌握需求，对产品迭代方向和可用性负责；"}, {"des": "4、与项目、市场、研发等团队成员紧密配合，促成产品目标，在产品层面对合作类顶目予以支持。"}]}, {"job": {"en_title": "","id": 11,"img": "","pid": 2,"state": 0,"title": "UI设计师","workplace": "广州","pay": "本科：7K+/月 &nbsp;&nbsp; 硕士：8K+/月"},"li": [{"des": "1、全日制本科及以上学历，视觉设计、美术等相关专业；"}, {"des": "2、熟悉大屏幕或手机app交互设计、视觉设计专业技术与技能，并有自己的见解与大量的实践；"}, {"des": "3、对用户体验敏感，善用设计语言解决产品问题，追求用户极致体验；"}, {"des": "4、沟通协调能力强，跟设计小伙伴，研发配合沟通无障碍；"}, {"des": "5、学习能力强，有责任感，做事主动积极，踏实细心。"}],"duty": [{"des": "1、负责项目中各种人机交互界面视觉、图标、LOGO、按钮等相关元素的设计与制作；"}, {"des": "2、与开发沟通，推进界面及交互设计的最终实现；"}, {"des": "3、根据各种产品的用户群，提出构思新颖、有高度吸引力的创意设计；"}, {"des": "4、对页面进行优化，使用户操作更趋于人性化；"}, {"des": "5、维护现有的产品。"}]}, {"job": {"en_title": "","id": 12,"img": "","pid": 3,"state": 0,"title": "硬件工程师","workplace": "广州、长沙","pay": "本科：9K+/月 &nbsp;&nbsp; 硕士：16K+/月"},"li": [{"des": "1、全日制本科及以上学历；"}, {"des": "2、能熟练使用Cadence进行原理图设计；"}, {"des": "3、深入了解各种电子元器件的参数，精通模拟电路、高频电路、数字电路、通信原理等，熟悉嵌入式系统硬件设计；"}, {"des": "4、熟练操作各种电子仪器仪表及工具；"}, {"des": "5、具备良好的学习、动手能力，对硬件开发具有浓厚的兴趣和爱好、勤于思考、善于研究。"}],"duty": [{"des": "1、原理图设计与开发；"}, {"des": "2、硬件调试；"}, {"des": "3、物料的评估及选用；"}, {"des": "4、根据客户及市场需求进行现场技术沟通及技术指导工作。"}]}, {"job": {"en_title": "","id": 13,"img": "","pid": 3,"state": -1,"title": "安卓应用开发工程师","workplace": "广州、长沙","pay": "本科：9K+/月 &nbsp;&nbsp; 硕士：16K+/月"},"li": [{"des": "1、全日制本科及以上学历，计算机、软件、电子及相关专业；"}, {"des": "2、精通Android SDK中的UI、网络、数据库、XML/JSON解析等开发技巧；"}, {"des": "3、熟悉各种算法与数据结构，多线程，网络编程（Socket、TCP/IP、http）等；"}, {"des": "4、熟悉Android各版本的特点，对性能优化、UI适配有一定经验;"}, {"des": "5、有嵌入式软件开发相关经验者优先；"}, {"des": "6、英语四级以上水平；"}, {"des": "7、工作认真负责，具有良好的沟通能力和团队合作精神，能承担较大工作压力。"}],"duty": [{"des": "1、负责Android平台上的应用软件的设计、开发、移植；"}, {"des": "2、按软件需求完成界面、逻辑功能、网络通信等设计；"}, {"des": "3、配合其他开发人员、测试人员，完成产品设计和发布；"}, {"des": "4、编写相关开发文档、技术资料等。"}]}, {"job": {"en_title": "","id": 14,"img": "","pid": 3,"state": 0,"title": "Web前端开发工程师","workplace": "广州、长沙","pay": "本科：9K+/月 &nbsp;&nbsp; 硕士：16K+/月"},"li": [{"des": "1、精通html/css/javascript，尤其擅长用css+div，能在前端独当一面；"}, {"des": "2、熟悉W3C标准，对表现与数据分离、Web语义化等有深刻理解；"}, {"des": "3、具备扎实的计算机基础，对数据结构和算法设计有充分理解；"}, {"des": "4、有主流浏览器兼容、移动端兼容的开发经验；"}, {"des": "5、对用户体验提升执着、对技术热爱；"}, {"des": "6、认真负责,沟通协作意识良好,能够承担工作压力,具备良好的逻辑思维能力和学习能力。"}],"duty": [{"des": "1、负责Web产品的前端开发；"}, {"des": "2、负责Web产品的易用性改善、界面优化。"}]}, {"job": {"en_title": "","id": 15,"img": "","pid": 3,"state": 0,"title": "Java Web后台开发工程师","workplace": "广州、长沙","pay": "本科：9K+/月 &nbsp;&nbsp; 硕士：16K+/月"},"li": [{"des": "1、扎实的计算理论基础；"}, {"des": "2、熟悉spring、springmvc、Springboot、shiro、、redis、hibernate、js、ajax、bootstrap等；"}, {"des": "3、JAVA基础扎实，熟悉面向对象程序设计（OOP）与基本的设计模式，了解Linux及基本的操作命令；"}, {"des": "4、对用户体验提升执着、对技术热爱；"}, {"des": "5、认真负责,沟通协作意识良好,能够承担工作压力,具备良好的逻辑思维能力和学习能力。"}],"duty": [{"des": "1、从事产品后台的设计、开发、优化、运营工作；"}, {"des": "2、研究用户的使用习惯，提升产品的用户体验。"}]}, {"job": {"en_title": "","id": 16,"img": "","pid": 3,"state": 0,"title": "嵌入式软件开发工程师","workplace": "广州、长沙","pay": "本科：9K+/月 &nbsp;&nbsp; 硕士：16K+/月"},"li": [{"des": "1、本科及以上学历，电子、计算机、自动化或通信类专业；"}, {"des": "2、熟悉Linux或者Android系统；"}, {"des": "3、熟悉C/C++编程；"}, {"des": "4、英语四级以上水平；"}, {"des": "5、有电子产品开发经验者优先；"}, {"des": "6、有JAVA开发经验者优先；"}, {"des": "7、工作认真负责，具有良好的沟通能力和团队合作精神，能承担较大工作压力。"}],"duty": [{"des": "1、配合硬件工程师调试新产品；"}, {"des": "2、硬件驱动的移植开发；"}, {"des": "3、嵌入式产品的系统代码维护、应用开发。"}]}]}}