{"product": {"productList": [{"name": "一体机+管理系统","content1": "小百合教学一体机搭载Windows和Android双系统，整合了电脑系统、教学软件、电子白板、影视资源四大 功能，让一台触摸一体机同时成为电脑、投影、白板、电视，真正实现一机多用。","content2": "多功能液晶交互平板","imgList": ["//lango-tech.com/XBH/images/20160730_141632_496680.png","//lango-tech.com/XBH/images/20160730_141710_968028.png","//lango-tech.com/XBH/images/20160730_141159_71180.png"],"itemList": ["智能教育一体机", "远程会议一体机", "单机板", "中端智能双系统", "高端智能双系统", "高配安卓系统"],"itemContentList": ["<p><span style=\"font-family: 微软雅黑, 'Microsoft YaHei'; color: rgb(0, 176, 240); font-size: 24px;\"><strong>智能教育一体机</strong><br></span></p><p style=\"margin-left:28px\"><span style=\"font-family: 微软雅黑, 'Microsoft YaHei';\"><span style=\"font-family: Wingdings; font-weight: bold; font-size: 14px;\">l&nbsp;</span><strong><span style=\"font-family: 'Times New Roman'; font-size: 14px;\">产品概述：</span></strong></span></p><p><span style=\"font-family: 微软雅黑, 'Microsoft YaHei'; font-size: 14px;\">&nbsp; &nbsp; &nbsp; &nbsp;<span style=\"font-family: 微软雅黑, 'Microsoft YaHei'; font-size: 14px;\">小百合教学一体机搭载Windows和Android双系统，整合了电脑系统、教学软件、电子白板、影视资源四大功能，让一台触摸一体机同时成为电脑、投影、白板、电视，真正实现一机多用。小百合教学一体机内置的锁屏软件可一键锁住屏幕，防止学生在课间随意操作。其内置的电子白板软件，方便老师上课进行课件、习题讲解，节省了粉笔、粉笔擦、投影仪、电脑等成本，推动智慧校园的建设。</span></span></p><p style=\"text-indent:28px\"><span style=\"font-family: 微软雅黑, 'Microsoft YaHei'; font-size: 14px;\">小百合教学一体机作为多功能液晶交互平板，除了应用于教学领域，还广泛于办公培训、多功能报告厅、远程培训、项目展览等场所。</span></p><p style=\"margin-left:28px\"><span style=\"font-family: 微软雅黑, 'Microsoft YaHei';\"><span style=\"font-family: Wingdings; font-weight: bold; font-size: 14px;\">l&nbsp;</span><strong><span style=\"font-family: 'Times New Roman'; font-size: 14px;\">应用领域：</span></strong></span></p><p><span style=\"font-family: 微软雅黑, 'Microsoft YaHei'; font-size: 14px;\">&nbsp; &nbsp; &nbsp; &nbsp; 教育领域：幼儿教育、中小学教学、大学教学、职业教育</span></p><p><span style=\"font-family: 微软雅黑, 'Microsoft YaHei'; font-size: 14px;\">&nbsp; &nbsp; &nbsp; &nbsp; 办公领域：商务培训、产品宣传、部门会议、项目展览、企业培训、发布信息</span></p><p style=\"margin-left:28px\"><span style=\"font-family: 微软雅黑, 'Microsoft YaHei';\"><span style=\"font-family: Wingdings; font-weight: bold; font-size: 14px;\">l&nbsp;</span><strong><span style=\"font-family: 'Times New Roman'; font-size: 14px;\">功能特点：</span></strong></span></p><p><span style=\"font-family: 微软雅黑, 'Microsoft YaHei'; font-size: 14px;\">&nbsp; &nbsp; &nbsp; &nbsp;<span style=\"font-family: 微软雅黑, 'Microsoft YaHei'; font-size: 14px;\">工业部件支持<span style=\"font-size: 14px;\">7*24</span><span style=\"font-size: 14px;\">不间断工作</span></span></span></p><p><span style=\"font-family: 微软雅黑, 'Microsoft YaHei'; font-size: 14px;\">&nbsp; &nbsp; &nbsp; &nbsp;安卓和<span style=\"font-family: 'Times New Roman'; font-size: 14px;\">Windo</span>ws双系统,自由一键灵活切换</span></p><p><span style=\"font-family: 微软雅黑, 'Microsoft YaHei'; font-size: 14px;\">&nbsp; &nbsp; &nbsp; &nbsp;支持无线显示通道</span></p><p><span style=\"font-family: 微软雅黑, 'Microsoft YaHei'; font-size: 14px;\">&nbsp; &nbsp; &nbsp; &nbsp;内置可以读写、批注、保存、展示文件的白板软件</span></p><p><span style=\"font-family: 微软雅黑, 'Microsoft YaHei'; font-size: 14px;\">&nbsp; &nbsp; &nbsp; &nbsp;真红外<span style=\"font-family: 'Times New Roman'; font-size: 14px;\">10</span><span style=\"font-family: 宋体; font-size: 14px;\">点触摸及书写</span></span></p><p style=\"vertical-align: middle\"><span style=\"font-family: 微软雅黑, 'Microsoft YaHei'; font-size: 14px;\">&nbsp; &nbsp; &nbsp; &nbsp;前置多种接口多环境使用</span></p><p><span style=\"font-family: 微软雅黑, 'Microsoft YaHei'; font-size: 14px;\">&nbsp;</span></p><p><span style=\"color: rgb(0, 176, 240); font-family: 微软雅黑, 'Microsoft YaHei'; font-size: 24px;\"><strong>部分界面展示</strong></span></p><p style=\"text-align: center;\"><span style=\";font-family:'Times New Roman';font-size:14px\"><img src=\"//lango-tech.com/XBH/ueditor/images/20160730/1469857761181033127.png\" title=\"1469857761181033127.png\" alt=\"主页.png\">&nbsp;&nbsp;<img src=\"//lango-tech.com/XBH/ueditor/images/20160730/1469857767750000885.png\" title=\"1469857767750000885.png\" alt=\"设置.png\"></span></p><p style=\"text-align: center;\"><span style=\";font-family:'Times New Roman';font-size:14px\">&nbsp; &nbsp;&nbsp;<img src=\"//lango-tech.com/XBH/ueditor/images/20160803/1470211568371014838.png\" title=\"1470211568371014838.png\" alt=\"界面展示.png\">&nbsp; &nbsp; &nbsp;<img src=\"//lango-tech.com/XBH/ueditor/images/20160803/1470224873181070416.png\" title=\"1470224873181070416.png\" alt=\"界面展示.png\"></span></p>","","","<p style=\"white-space: normal;\"><span style=\"font-family: 微软雅黑, 'Microsoft YaHei'; font-size: 24px; color: rgb(0, 176, 240);\"><strong>中端智能双系统</strong><br></span></p><p style=\"margin-left: 28px; white-space: normal;\"><span style=\"font-family: 微软雅黑, 'Microsoft YaHei';\"><span style=\"font-family: Wingdings; font-weight: bold; font-size: 14px;\">l&nbsp;</span><strong><span style=\"font-family: 'Times New Roman'; font-size: 14px;\">产品概述：</span></strong></span></p><p style=\"white-space: normal; text-indent: 28px;\"><span style=\"font-family: 微软雅黑, 'Microsoft YaHei'; font-size: 14px;\"><span style=\"font-size: 14px;\">中端智能双系统板是一款适用于中国及海外模拟电视区域的智能电视机主板，配置双核&nbsp;</span>1.2GHz64bit CPU<span style=\"font-size: 14px;\">，具有强大的音视频处理能力。支持最高分辨率为</span>4K*2K<span style=\"font-size: 14px;\">，性能优良，成熟稳定。该方案集成四核高性能&nbsp;</span>GPU<span style=\"font-size: 14px;\">，还可以支持</span>3D<span style=\"font-size: 14px;\">。可支持&nbsp;</span>32”<span style=\"font-size: 14px;\">以上&nbsp;</span>LED<span style=\"font-size: 14px;\">背光</span>TFT<span style=\"font-size: 14px;\">屏。</span></span></p><p style=\"white-space: normal; text-indent: 28px;\"><span style=\"font-family: 微软雅黑, 'Microsoft YaHei'; font-size: 14px;\"><span style=\"font-size: 14px; text-indent: 28px;\">中端智能双系统板</span><span style=\"font-size: 14px;\">可支持的接口有：</span>HDMI*3<span style=\"font-size: 14px;\">，</span>USB2.0<span style=\"font-size: 14px;\">，</span>USB3.0<span style=\"font-size: 14px;\">，</span>SD<span style=\"font-size: 14px;\">，</span>EARPHONE<span style=\"font-size: 14px;\">，</span>RJ45<span style=\"font-size: 14px;\">，</span>VGA<span style=\"font-size: 14px;\">，</span>PC AUDIO<span style=\"font-size: 14px;\">，</span>MINI</span></p><p style=\"white-space: normal;\"><span style=\"font-family: 微软雅黑, 'Microsoft YaHei'; font-size: 14px;\">YPBPR<span style=\"font-family: 宋体; font-size: 14px;\">，&nbsp;</span>AV IN<span style=\"font-family: 宋体; font-size: 14px;\">，</span>RF<span style=\"font-family: 宋体; font-size: 14px;\">，</span>COAX/ OPTICAL<span style=\"font-family: 宋体; font-size: 14px;\">。</span></span></p><p style=\"white-space: normal; text-indent: 28px;\"><span style=\"font-family: 微软雅黑, 'Microsoft YaHei'; font-size: 14px;\"><span style=\"font-size: 14px; text-indent: 28px;\">中端智能双系统板</span><span style=\"font-size: 14px;\">具有强大的多媒体播放功能，通过&nbsp;</span>USB<span style=\"font-size: 14px;\">接口可以播放绝大多数多媒体文件，可支持最高分辨率</span>4K 30HZ<span style=\"font-size: 14px;\">视频。 同时可通过</span>USB2.0<span style=\"font-size: 14px;\">接口轻松快捷的升级软件。</span></span></p><p style=\"margin-left: 28px; white-space: normal;\"><span style=\"font-family: 微软雅黑, 'Microsoft YaHei';\"><span style=\"font-family: Wingdings; font-weight: bold; font-size: 14px;\">l&nbsp;</span><strong><span style=\"font-family: 宋体; font-size: 14px;\">主要功能：</span></strong></span></p><p style=\"margin-left: 28px; white-space: normal; text-align: center;\"><img src=\"//lango-tech.com/XBH/ueditor/images/20160802/1470145826792072278.png\" title=\"1470145826792072278.png\" alt=\"QQ截图20160802214946.png\"></p><p style=\"white-space: normal;\"><span style=\"font-family: 微软雅黑, 'Microsoft YaHei';\"><strong style=\"color: rgb(0, 176, 240); font-family: 微软雅黑, 'Microsoft YaHei'; font-size: 24px; text-align: justify;\">图片展示</strong></span></p><p style=\"white-space: normal; text-align: center;\">&nbsp;&nbsp;<img src=\"//lango-tech.com/XBH/ueditor/images/20160803/1470211157979005477.png\" title=\"1470211157979005477.png\" alt=\"510.png\">&nbsp;&nbsp;<img src=\"//lango-tech.com/XBH/ueditor/images/20160803/1470211164985011594.png\" title=\"1470211164985011594.png\" alt=\"板卡展示图.png\"></p><p style=\"white-space: normal; text-indent: 28px;\"><br></p><p><br></p>","<p style=\"white-space: normal; text-align: justify;\"><span style=\"color: rgb(0, 176, 240); font-family: 微软雅黑, 'Microsoft YaHei'; font-size: 24px;\"><strong>高端智能双系统</strong></span></p><p style=\"white-space: normal;\"><span style=\"font-family: 微软雅黑, 'Microsoft YaHei';\">&nbsp; &nbsp;&nbsp;<span style=\"font-family: Wingdings; font-weight: bold; font-size: 14px;\">l&nbsp;</span><strong><span style=\"font-family: 宋体; font-size: 14px;\">产品概述</span></strong></span></p><p style=\"white-space: normal;\"><span style=\"font-family: 微软雅黑, 'Microsoft YaHei';\"><span style=\"font-family: 'Times New Roman'; text-align: justify; font-size: 14px;\">&nbsp; &nbsp; &nbsp; &nbsp;&nbsp;</span><span style=\"font-family: 微软雅黑, 'Microsoft YaHei'; text-align: justify; font-size: 14px;\">高端智能双系统板是一款适用于中国及海外模拟电视区域的智能电视机主板，配置四核1.2GHz&nbsp;64bit CPU，具有强大的音视频处理能力。支持最高分辨率为4K*2K，性能优良，成熟稳定。内置WIFI模块。该方案集成六核高性能GPU。可支持50”以上LED背光TFT屏。</span></span></p><p style=\"white-space: normal; text-indent: 28px;\"><span style=\"font-family: 微软雅黑, 'Microsoft YaHei'; font-size: 14px;\">&nbsp;HDMI<span style=\"font-size: 14px;\">支持</span>HDMI2.0<span style=\"font-size: 14px;\">，剩下的两路</span>HDMI<span style=\"font-size: 14px;\">，一路</span>HDMI<span style=\"font-size: 14px;\">支持</span>ARC<span style=\"font-size: 14px;\">，一路</span>HDMI<span style=\"font-size: 14px;\">支持</span>MHL<span style=\"font-size: 14px;\">。</span></span></p><p style=\"white-space: normal; text-indent: 28px;\"><span style=\"font-family: 微软雅黑, 'Microsoft YaHei'; font-size: 14px;\"><span style=\"font-family: 'Times New Roman'; font-size: 14px; text-align: justify;\">&nbsp;</span><span style=\"font-family: 微软雅黑, 'Microsoft YaHei'; font-size: 14px;\"><span style=\"font-size: 14px; text-align: justify;\">高端智能双系统板</span><span style=\"font-size: 14px;\">具有强大的多媒体播放功能，通过</span>USB<span style=\"font-size: 14px;\">接口可以播放绝大多数多媒体文件，可支持最高分辨率</span>4K 30HZ<span style=\"font-size: 14px;\">视频。 同时可通过</span>USB2.0<span style=\"font-size: 14px;\">接口轻松快捷的升级软件。</span></span></span></p><p style=\"white-space: normal; text-indent: 28px;\"><span style=\"font-family: Wingdings; font-weight: bold; font-size: 14px;\">l&nbsp;</span><strong><span style=\"font-family: 宋体; font-size: 14px;\">主要功能</span></strong></p><p style=\"white-space: normal; text-indent: 28px; text-align: center;\"><strong><span style=\"font-family: 宋体; font-size: 14px;\"><img src=\"//lango-tech.com/XBH/ueditor/images/20160802/1470145859706056247.png\" title=\"1470145859706056247.png\" alt=\"QQ截图20160802214946.png\"></span></strong></p><p style=\"white-space: normal;\"><strong style=\"color: rgb(0, 176, 240); font-family: 微软雅黑, 'Microsoft YaHei'; font-size: 24px; text-align: justify;\">图片展示</strong></p><p style=\"white-space: normal; text-align: center;\"><img src=\"//www.gzxbh.com/XBH/ueditor/images/20160730/1469860176705009945.jpg\" title=\"1469860176705009945.jpg\" alt=\"620.jpg\">&nbsp;&nbsp;<img src=\"//lango-tech.com/XBH/ueditor/images/20160802/1470146175615083783.jpg\" title=\"1470146175615083783.jpg\" alt=\"620.jpg\"></p>",""]}, {"name": "广告机+信发系统","content1": "软件：发布系统通过与终端通信连接，直接控制终端广告机的信息发布；板卡：使用Hisilicon推出的V510方案、配置双核1.2GHz，64bit CPU","content2": "集娱乐、交互、信息推送于一体","imgList": ["//lango-tech.com/XBH/images/20160906_093247_817648.png","//lango-tech.com/XBH/images/20160906_093309_904893.png","//lango-tech.com/XBH/images/20160906_093326_201964.png"],"itemList": ["Web端", "PC端", "移动端", "2K低端", "4K中端", "4K高端", "三合一"],"itemContentList": ["<p style=\"white-space: normal;\"><span style=\"color: rgb(0, 176, 240); font-family: 微软雅黑, 'Microsoft YaHei'; font-size: 24px;\"><strong>小百合Web端信息发布系统</strong></span></p><p style=\"white-space: normal;\"><span style=\"font-family: 微软雅黑, 'Microsoft YaHei'; font-weight: bold; font-size: 14px;\">&nbsp;&nbsp;</span></p><p style=\"white-space: normal;\"><span style=\"font-family: 微软雅黑, 'Microsoft YaHei';\"><span style=\"font-family: Wingdings; font-weight: bold; font-size: 14px;\">&nbsp; l&nbsp;</span><strong><span style=\"font-family: 'Times New Roman'; font-size: 14px;\">产品概述：<span style=\"font-family: 微软雅黑, 'Microsoft YaHei';\"></span></span></strong><strong><span style=\"font-family: 'Times New Roman'; font-size: 14px;\"></span></strong></span></p><p style=\"white-space: normal; text-indent: 28px;\"><span style=\"font-family: 微软雅黑, 'Microsoft YaHei'; font-size: 14px;\">小百合Web端信息发布系统集娱乐、交互、信息推送于一体，通过与终端通信连接，直接控制终端广告机的信息发布。小百合Web端信息发布系统采用B/S架构，打破了局域网的限制，让用户实现跨地域的信息发布和终端管理，为用户节省大量的时间成本和人力成本。</span></p><p style=\"white-space: normal; text-indent: 28px;\"><span style=\"font-family: 微软雅黑, 'Microsoft YaHei';\"><span style=\"font-family: Wingdings; font-weight: bold; font-size: 14px;\">l&nbsp;</span><strong><span style=\"font-family: 'Times New Roman'; font-size: 14px;\">主要功能：</span></strong><strong><span style=\"font-family: 'Times New Roman'; font-size: 14px;\"></span></strong></span></p><p style=\"white-space: normal;\"><span style=\"font-family: 微软雅黑, 'Microsoft YaHei'; font-size: 14px;\">&nbsp; &nbsp; &nbsp; &nbsp; 节目制作、节目管理、消息制作、消息管理、终端监控、终端设置、素材管理、内容审核、机构管理</span></p><p style=\"margin-left: 28px; white-space: normal;\"><span style=\"font-family: 微软雅黑, 'Microsoft YaHei';\"><span style=\"font-family: Wingdings; font-weight: bold; font-size: 14px;\">l&nbsp;</span><strong><span style=\"font-family: 'Times New Roman'; font-size: 14px;\">产品参数：</span></strong><strong><span style=\"font-family: 'Times New Roman'; font-size: 14px;\"></span></strong></span></p><p style=\"white-space: normal;\"><span style=\"font-family: 微软雅黑, 'Microsoft YaHei'; font-size: 14px;\">&nbsp; &nbsp; &nbsp; &nbsp; &nbsp;架构：B/S</span></p><p style=\"white-space: normal;\"><span style=\"font-family: 微软雅黑, 'Microsoft YaHei'; font-size: 14px;\">&nbsp; &nbsp; &nbsp; &nbsp; 适用规模：大规模，广域网中使用</span></p><p style=\"white-space: normal;\"><span style=\"font-family: 微软雅黑, 'Microsoft YaHei'; font-size: 14px;\">&nbsp; &nbsp; &nbsp; &nbsp; 产品特点：操作简便、远程控制</span></p><p style=\"white-space: normal;\"><span style=\"font-family: 微软雅黑, 'Microsoft YaHei'; font-size: 14px;\">&nbsp; &nbsp; &nbsp; &nbsp; 互动应用：海量互动应用</span></p><p style=\"white-space: normal;\"><span style=\"font-family: 微软雅黑, 'Microsoft YaHei'; font-size: 14px;\">&nbsp; &nbsp; &nbsp; &nbsp; 功能定制：可按需定制功能</span></p><p style=\"white-space: normal;\"><span style=\"font-family: 微软雅黑, 'Microsoft YaHei'; font-size: 14px;\">&nbsp; &nbsp; &nbsp; &nbsp; 操作系统：Windows、Linux</span></p><p style=\"white-space: normal;\"><span style=\"font-family: 微软雅黑, 'Microsoft YaHei'; font-size: 14px;\">&nbsp; &nbsp; &nbsp; &nbsp; 开放<span style=\"font-family: 'Times New Roman';\">API</span><span style=\"font-family: 宋体;\">：支持开放</span></span></p><p style=\"white-space: normal;\"><span style=\"font-family: 微软雅黑, 'Microsoft YaHei'; font-size: 14px;\">&nbsp; &nbsp; &nbsp; &nbsp; 扩展应用：开放易扩展</span></p><p style=\"white-space: normal;\"><span style=\"font-family: 微软雅黑, 'Microsoft YaHei'; font-size: 14px;\">&nbsp; &nbsp; &nbsp; &nbsp; 软件环境：<span style=\"font-family: 'Times New Roman';\">Windows xp</span><span style=\"font-family: 宋体;\">、</span><span style=\"font-family: 'Times New Roman';\">windows 7</span><span style=\"font-family: 宋体;\">、</span><span style=\"font-family: 'Times New Roman';\">windows 10</span><span style=\"font-family: 宋体;\">、</span><span style=\"font-family: 'Times New Roman';\">windows server 2003</span><span style=\"font-family: 宋体;\">、</span><span style=\"font-family: 'Times New Roman';\">windows server 2008</span><span style=\"font-family: 宋体;\">、</span><span style=\"font-family: 'Times New Roman';\">windows server 2012</span></span></p><p style=\"white-space: normal;\"><span style=\"font-family: 微软雅黑, 'Microsoft YaHei'; font-size: 14px;\">&nbsp; &nbsp; &nbsp; &nbsp; 浏览器：谷歌浏览器</span></p><p style=\"white-space: normal;\"><span style=\"font-family: 微软雅黑, 'Microsoft YaHei'; font-size: 14px;\"><br></span></p><p style=\"white-space: normal;\"><span style=\"color: rgb(0, 176, 240); font-family: 微软雅黑, 'Microsoft YaHei'; font-size: 24px;\"><strong>部分界面展示</strong></span></p><p style=\"white-space: normal; text-align: center;\"><img src=\"//lango-tech.com/XBH/ueditor/images/20160730/1469850361655044476.jpg\" title=\"1469850361655044476.jpg\" alt=\"界面01.jpg\"><span style=\"font-family: 微软雅黑, 'Microsoft YaHei';\">&nbsp;&nbsp;</span><img src=\"//lango-tech.com/XBH/ueditor/images/20160730/1469850369601078801.jpg\" title=\"1469850369601078801.jpg\" alt=\"界面02.jpg\"></p><p style=\"white-space: normal; text-align: center;\"><img src=\"//lango-tech.com/XBH/ueditor/images/20160730/1469850378833088819.jpg\" title=\"1469850378833088819.jpg\" alt=\"界面03.jpg\"><span style=\"font-family: 微软雅黑, 'Microsoft YaHei';\">&nbsp;&nbsp;</span><img src=\"//lango-tech.com/XBH/ueditor/images/20160730/1469850400607033994.jpg\" title=\"1469850400607033994.jpg\" alt=\"界面04.jpg\"></p><p><br></p>","<p style=\"white-space: normal;\"><span style=\"font-size: 24px; color: rgb(0, 176, 240); font-family: 微软雅黑, 'Microsoft YaHei';\"><strong>小百合PC端信息发布系统</strong></span></p><p style=\"margin-left: 28px; white-space: normal;\"><span style=\"font-family: 微软雅黑, 'Microsoft YaHei';\"><span style=\"font-family: Wingdings; font-weight: bold; font-size: 14px;\">l&nbsp;</span><strong><span style=\"font-family: 'Times New Roman'; font-size: 14px;\">产品概述：</span></strong><strong><span style=\"font-family: 'Times New Roman'; font-size: 14px;\"></span></strong></span></p><p style=\"white-space: normal; text-indent: 28px;\"><span style=\"font-family: 微软雅黑, 'Microsoft YaHei'; font-size: 14px;\">小百合PC端信息发布系统集娱乐、交互、信息推送于一体，通过与终端通信连接，直接控制终端广告机的信息发布。小百合PC端信息发布系统采用C/S架构，适用于局域网内的小规模部署，方便用户更快捷地进行信息发布和终端管理。</span></p><p style=\"margin-left: 28px; white-space: normal;\"><span style=\"font-family: 微软雅黑, 'Microsoft YaHei';\"><span style=\"font-family: Wingdings; font-weight: bold; font-size: 14px;\">l&nbsp;</span><strong><span style=\"font-family: 'Times New Roman'; font-size: 14px;\">主要功能：</span></strong><strong><span style=\"font-family: 'Times New Roman'; font-size: 14px;\"></span></strong></span></p><p style=\"white-space: normal;\"><span style=\"font-family: 微软雅黑, 'Microsoft YaHei'; font-size: 14px;\">&nbsp; &nbsp; &nbsp; &nbsp; 节目制作、节目管理、消息制作、消息管理、终端监控、终端设置</span></p><p style=\"margin-left: 28px; white-space: normal;\"><span style=\"font-family: 微软雅黑, 'Microsoft YaHei';\"><span style=\"font-family: Wingdings; font-weight: bold; font-size: 14px;\">l&nbsp;</span><strong><span style=\"font-family: 'Times New Roman'; font-size: 14px;\">产品参数：</span></strong><strong><span style=\"font-family: 'Times New Roman'; font-size: 14px;\"></span></strong></span></p><p style=\"white-space: normal;\"><span style=\"font-family: 微软雅黑, 'Microsoft YaHei'; font-size: 14px;\">&nbsp; &nbsp; &nbsp; &nbsp; 架构：C/S</span></p><p style=\"white-space: normal;\"><span style=\"font-family: 微软雅黑, 'Microsoft YaHei'; font-size: 14px;\">&nbsp; &nbsp; &nbsp; &nbsp; 适用规模：小规模，局域网内使用</span></p><p style=\"white-space: normal;\"><span style=\"font-family: 微软雅黑, 'Microsoft YaHei'; font-size: 14px;\">&nbsp; &nbsp; &nbsp; &nbsp; 产品特点：操作简便、远程控制</span></p><p style=\"white-space: normal;\"><span style=\"font-family: 微软雅黑, 'Microsoft YaHei'; font-size: 14px;\">&nbsp; &nbsp; &nbsp; &nbsp; 互动应用：海量互动应用</span></p><p style=\"white-space: normal;\"><span style=\"font-family: 微软雅黑, 'Microsoft YaHei'; font-size: 14px;\">&nbsp; &nbsp; &nbsp; &nbsp; 功能定制：可按需定制功能</span></p><p style=\"white-space: normal;\"><span style=\"font-family: 微软雅黑, 'Microsoft YaHei'; font-size: 14px;\">&nbsp; &nbsp; &nbsp; &nbsp; 操作系统：Windows</span></p><p style=\"white-space: normal;\"><span style=\"font-family: 微软雅黑, 'Microsoft YaHei'; font-size: 14px;\">&nbsp; &nbsp; &nbsp; &nbsp; 开放API<span style=\"font-family: 宋体;\">：支持开放</span></span></p><p style=\"white-space: normal;\"><span style=\"font-family: 微软雅黑, 'Microsoft YaHei'; font-size: 14px;\">&nbsp; &nbsp; &nbsp; &nbsp; 扩展应用：开放易扩展</span></p><p style=\"white-space: normal;\"><span style=\"font-family: 微软雅黑, 'Microsoft YaHei'; font-size: 14px;\">&nbsp; &nbsp; &nbsp; &nbsp; 软件环境：Windows xp<span style=\"font-family: 宋体;\">、</span>windows 7<span style=\"font-family: 宋体;\">、</span>windows 10<span style=\"font-family: 宋体;\">、</span>windows server 2003<span style=\"font-family: 宋体;\">、</span>windows server 2008<span style=\"font-family: 宋体;\">、</span>windows server 2012</span></p><p style=\"white-space: normal;\"><span style=\"font-family: 微软雅黑, 'Microsoft YaHei'; font-size: 14px;\">&nbsp; &nbsp; &nbsp; &nbsp; 浏览器：谷歌浏览器</span></p><p style=\"white-space: normal;\"><span style=\"font-family: 微软雅黑, 'Microsoft YaHei'; font-size: 14px;\"><br></span></p><p style=\"white-space: normal;\"><span style=\"font-family: 微软雅黑, 'Microsoft YaHei';\"><strong><span style=\"font-size: 24px; color: rgb(0, 176, 240);\">部分界面展示</span></strong><strong><span style=\"font-size: 24px; color: rgb(0, 176, 240);\"></span></strong></span></p><p style=\"white-space: normal; text-align: center;\"><img src=\"//lango-tech.com/XBH/ueditor/images/20160730/1469850495439002706.jpg\" title=\"1469850495439002706.jpg\" alt=\"界面展示01.jpg\">&nbsp;&nbsp;<img src=\"//lango-tech.com/XBH/ueditor/images/20160730/1469850501809000520.jpg\" title=\"1469850501809000520.jpg\" alt=\"界面展示02.jpg\"></p><p style=\"white-space: normal; text-align: center;\"><img src=\"//lango-tech.com/XBH/ueditor/images/20160730/1469850508045000220.jpg\" title=\"1469850508045000220.jpg\" alt=\"界面展示03.jpg\">&nbsp;&nbsp;<img src=\"//lango-tech.com/XBH/ueditor/images/20160730/1469850516674002536.jpg\" title=\"1469850516674002536.jpg\" alt=\"界面展示04.jpg\"></p><p><br></p>","<p style=\"white-space: normal;\"><span style=\"font-family: 微软雅黑, 'Microsoft YaHei'; color: rgb(0, 176, 240); font-size: 24px;\"><strong>小百合移动端信息发布系统</strong><br></span></p><p style=\"margin-left: 28px; white-space: normal;\"><span style=\"font-family: 微软雅黑, 'Microsoft YaHei';\"><span style=\"font-family: Wingdings; font-weight: bold; font-size: 14px;\">l&nbsp;</span><strong><span style=\"font-family: 宋体; font-size: 14px;\">产品概述：</span></strong><strong><span style=\"font-family: 宋体; font-size: 14px;\"></span></strong></span></p><p style=\"white-space: normal; text-indent: 28px;\"><span style=\"font-family: 微软雅黑, 'Microsoft YaHei'; font-size: 14px;\">小百合节目发布APP是一款主要针对中小型连锁、小型商户、小型企业开发的移动端节目发布APP。这是一款简单高效、及时、轻量化的商业信息发布APP，用户可操作这款APP快速制作、查看节目并发送到指定屏幕播放，可以方便及时地查看各终端播放的节目内容，远程操控终端。</span></p><p style=\"white-space: normal; text-indent: 28px;\"><span style=\"font-family: 微软雅黑, 'Microsoft YaHei'; font-size: 14px;\">小百合节目发布APP是在<span style=\"font-family: 'Times New Roman';\">web</span>端、<span style=\"font-family: 'Times New Roman';\">PC</span>端节目发布系统上做的又一大补充，至此移动端、<span style=\"font-family: 'Times New Roman';\">PC</span>端、<span style=\"font-family: 'Times New Roman';\">web</span>端三大系统形成一条节目发布网，全方位覆盖各类商户的需求，用户可按需购买。</span></p><p style=\"margin-left: 28px; white-space: normal;\"><span style=\"font-family: 微软雅黑, 'Microsoft YaHei';\"><span style=\"font-family: Wingdings; font-weight: bold; font-size: 14px;\">l&nbsp;</span><strong><span style=\"font-family: 宋体; font-size: 14px;\">主要功能：</span></strong><strong><span style=\"font-family: 宋体; font-size: 14px;\"></span></strong></span></p><p style=\"white-space: normal; text-align: justify;\"><span style=\"font-family: 微软雅黑, 'Microsoft YaHei'; font-size: 14px;\">&nbsp; &nbsp;&nbsp; &nbsp; 快速制作发布节目</span></p><p style=\"white-space: normal; text-align: justify;\"><span style=\"font-family: 微软雅黑, 'Microsoft YaHei'; font-size: 14px;\">&nbsp; &nbsp; &nbsp; &nbsp;编辑已发布的节目</span></p><p style=\"white-space: normal; text-align: justify;\"><span style=\"font-family: 微软雅黑, 'Microsoft YaHei'; font-size: 14px;\">&nbsp; &nbsp; &nbsp; &nbsp;终端远程监控</span></p><p style=\"white-space: normal; text-align: justify;\"><span style=\"font-family: 微软雅黑, 'Microsoft YaHei'; font-size: 14px;\">&nbsp; &nbsp; &nbsp; &nbsp;新的产品信息展示发送到终端播放</span></p><p style=\"white-space: normal; text-align: justify;\"><span style=\"font-family: 微软雅黑, 'Microsoft YaHei'; font-size: 14px;\">&nbsp; &nbsp; &nbsp; &nbsp;修改原有终端播放的节目内容</span></p><p style=\"margin-left: 28px; white-space: normal;\"><span style=\"font-family: 微软雅黑, 'Microsoft YaHei';\"><span style=\"font-family: Wingdings; font-weight: bold; font-size: 14px;\">l&nbsp;</span><strong><span style=\"font-family: 宋体; font-size: 14px;\">部分参数：</span></strong><strong><span style=\"font-family: 宋体; font-size: 14px;\"></span></strong></span></p><p style=\"white-space: normal;\"><span style=\"font-family: 微软雅黑, 'Microsoft YaHei';\"><span style=\"font-family: 'Times New Roman'; font-size: 14px;\">&nbsp; &nbsp; &nbsp; &nbsp; &nbsp;</span><span style=\"font-size: 14px;\">适用规模：中小型连锁机构、小规模终端布局</span></span></p><p style=\"white-space: normal;\"><span style=\"font-family: 微软雅黑, 'Microsoft YaHei'; font-size: 14px;\">&nbsp; &nbsp; &nbsp; &nbsp; 产品特点：操作简便、远程控制</span></p><p style=\"white-space: normal;\"><span style=\"font-family: 微软雅黑, 'Microsoft YaHei'; font-size: 14px;\">&nbsp; &nbsp; &nbsp; &nbsp; 互动应用：海量互动应用</span></p><p style=\"white-space: normal;\"><span style=\"font-family: 微软雅黑, 'Microsoft YaHei'; font-size: 14px;\">&nbsp; &nbsp; &nbsp; &nbsp; 功能定制：可按需定制功能</span></p><p style=\"white-space: normal;\"><span style=\"font-family: 微软雅黑, 'Microsoft YaHei'; font-size: 14px;\">&nbsp; &nbsp; &nbsp; &nbsp; 操作系统：Andriod、iOS</span></p><p style=\"white-space: normal;\"><span style=\"font-family: 微软雅黑, 'Microsoft YaHei'; font-size: 14px;\">&nbsp; &nbsp; &nbsp; &nbsp; 开放API<span style=\"font-family: 宋体;\">：支持开放</span></span></p><p style=\"white-space: normal;\"><span style=\"font-family: 微软雅黑, 'Microsoft YaHei'; font-size: 14px;\">&nbsp; &nbsp; &nbsp; &nbsp; 扩展应用：开放易扩展</span></p><p style=\"white-space: normal;\"><span style=\"font-family: 微软雅黑, 'Microsoft YaHei'; font-size: 14px;\"><br></span></p><p style=\"white-space: normal;\"><span style=\"font-family: 微软雅黑, 'Microsoft YaHei'; font-size: 14px;\"><strong style=\"color: rgb(0, 176, 240); font-size: 24px;\">部分界面展示</strong></span></p><p style=\"white-space: normal;\"><span style=\"font-family: 微软雅黑, 'Microsoft YaHei'; font-size: 14px;\"></span></p><p style=\"white-space: normal; text-align: center;\"><img src=\"//www.gzxbh.com/XBH/ueditor/images/20160731/1469947734514047227.png\" title=\"1469947734514047227.png\" alt=\"登录.png\">&nbsp; &nbsp;&nbsp;<img src=\"//www.gzxbh.com/XBH/ueditor/images/20160731/1469947740763030183.png\" title=\"1469947740763030183.png\" alt=\"节目列表.png\"></p><p style=\"white-space: normal; text-align: center;\"><img src=\"//www.gzxbh.com/XBH/ueditor/images/20160731/1469947748042054536.png\" title=\"1469947748042054536.png\" alt=\"屏幕列表.png\">&nbsp; &nbsp;&nbsp;<img src=\"//www.gzxbh.com/XBH/ueditor/images/20160731/1469947754392066539.png\" title=\"1469947754392066539.png\" alt=\"我的模板.png\"></p><p><br></p>","","<p style=\"white-space: normal;\"><span style=\"font-family: 微软雅黑, 'Microsoft YaHei';\"><strong><span style=\"font-size: 24px; color: rgb(0, 176, 240);\">4K中端</span></strong><strong><span style=\"font-size: 24px; color: rgb(0, 176, 240);\"></span></strong></span></p><p style=\"margin-left: 28px; white-space: normal;\"><span style=\"font-family: 微软雅黑, 'Microsoft YaHei';\"><span style=\"font-family: Wingdings; font-weight: bold; font-size: 14px;\">l&nbsp;</span><strong><span style=\"font-family: 'Times New Roman'; font-size: 14px;\">产品概述</span></strong><strong><span style=\"font-family: 'Times New Roman'; font-size: 14px;\"></span></strong></span></p><p style=\"white-space: normal;\"><span style=\"font-family: 微软雅黑, 'Microsoft YaHei'; font-size: 14px;\">&nbsp; &nbsp; &nbsp; &nbsp; 小百合智能广告机主板使用了Hisilicon推出的V510方案、配置双核1.2GHz，64bit CPU，具有强大的音视频处理能力；集成四核高性能GPU，还可以支持3D，性能优良，成熟稳定。这款板卡支持4Kx2K@30fps&nbsp;视频解码，&nbsp;4K@60HzV-BY-ONE，1080P@60HzLVDS&nbsp;视频输出，两者二选一。同时还支持视频旋转以及2.4 G&nbsp;和5 G&nbsp;双频双天线WIFI和蓝牙模块功能。 主要支持接口有HDMI、USB2.0、USB3.0、TF、SIM、EARPHONE、RJ45、DC2.0，HDMI，可支持MHL。同时具有强大的多媒体播放功能，通过USB接口可以播放绝大多数多媒体文件，最高可支持分辨率为4K@30HZ的视频。</span></p><p style=\"margin-left: 28px; white-space: normal;\"><span style=\"font-family: 微软雅黑, 'Microsoft YaHei';\"><span style=\"font-family: Wingdings; font-weight: bold; font-size: 14px;\">l 本地操作</span><strong><span style=\"font-family: 'Times New Roman'; font-size: 14px;\">功能</span></strong><strong><span style=\"font-family: 'Times New Roman'; font-size: 14px;\"></span></strong></span></p><p style=\"white-space: normal; text-align: center;\"><br></p><p style=\"white-space: normal; text-align: center;\"><span style=\"font-family: 宋体; font-size: 14px;\"><img src=\"//lango-tech.com/XBH/ueditor/images/20160802/1470144270431053985.png\" title=\"1470144270431053985.png\" alt=\"QQ截图20160802212409.png\"></span></p><p style=\"white-space: normal; text-align: justify;\"><span style=\"color: rgb(0, 176, 240); font-family: 微软雅黑, 'Microsoft YaHei'; font-size: 24px;\"><strong>图片展示</strong></span></p><p style=\"white-space: normal; text-align: center;\"><span style=\"font-family: 宋体; font-size: 14px;\"><img src=\"//lango-tech.com/XBH/ueditor/images/20160802/1470144515891051808.jpg\" title=\"1470144515891051808.jpg\" alt=\"板卡展示图.jpg\">&nbsp;&nbsp;<img src=\"//www.gzxbh.com/XBH/ueditor/images/20160730/1469850769058026243.png\" title=\"1469850769058026243.png\" alt=\"510.2.png\"></span></p><p style=\"white-space: normal;\"><span style=\"font-family: 宋体; font-size: 14px;\"><br></span></p><p><br></p>","<p style=\"white-space: normal;\"><span style=\"color: rgb(0, 176, 240); font-family: 微软雅黑, 'Microsoft YaHei'; font-size: 24px;\"><strong>4K高端</strong></span></p><p style=\"white-space: normal;\"><span style=\"font-family: 微软雅黑, 'Microsoft YaHei';\"><span style=\"font-family: Wingdings; font-weight: bold; font-size: 14px;\">l&nbsp;</span><strong><span style=\"font-family: 'Times New Roman'; font-size: 14px;\">产品概述</span></strong><br></span></p><p style=\"white-space: normal; text-indent: 28px;\"><span style=\"font-family: 微软雅黑, 'Microsoft YaHei'; font-size: 14px;\">一款智能广告机主板，使用&nbsp;Amlogic S905方案，主频高达2.0GHz，CPU为64bit四核&nbsp;CortexA53架构，GPU集成五核Mali-450，强劲的性能给您最流畅的运行体验。除此之外，该板卡具有强大的音视频处理能力，可支持最高1080P @60Hz的LVDS视频输出或HDMI输出，主板支持1GB &amp; 2GB DDR可选，&nbsp;8GB &amp; 16GB &amp; 32GBeMMC容量可选，WIFI 2.4GHz&amp; 2.4GHz+5GHz+BT4.0可选。</span></p><p style=\"white-space: normal; text-indent: 28px;\"><span style=\"font-family: 微软雅黑, 'Microsoft YaHei'; font-size: 14px;\">支持的接口有DC, EARPHONE, RJ45, HDMI OUT, TF, SIM, USB2.0*2。</span></p><p style=\"white-space: normal; text-indent: 28px;\"><span style=\"font-family: 微软雅黑, 'Microsoft YaHei'; font-size: 14px;\">具有强大的多媒体播放功能，通过USB接口可以播放绝大多数多媒体文件，可支持最高分辨率4K@60HZ视频，同时可通过USB2.0接口轻松快捷的升级软件。</span></p><p style=\"white-space: normal; text-indent: 28px;\"><span style=\"font-family: 微软雅黑, 'Microsoft YaHei'; font-size: 14px;\"><span style=\"font-family: Wingdings; font-weight: bold;\">l 本地操作</span><strong style=\"font-family: 'Times New Roman'; font-size: medium;\">功能</strong></span></p><p style=\"white-space: normal; text-indent: 28px;\"><span style=\"font-family: 宋体; font-size: 14px;\"><br></span></p><p style=\"white-space: normal; text-align: center;\"><img src=\"//lango-tech.com/XBH/ueditor/images/20160802/1470145082383003994.png\" title=\"1470145082383003994.png\" alt=\"QQ截图20160802212409.png\"></p><p style=\"white-space: normal;\"><strong style=\"color: rgb(0, 176, 240); font-family: 微软雅黑, 'Microsoft YaHei'; font-size: 24px; text-align: justify;\">图片展示</strong></p><p style=\"white-space: normal; text-align: center;\"><img src=\"//lango-tech.com/XBH/ueditor/images/20160802/1470144831998014440.png\" title=\"1470144831998014440.png\" alt=\"905.1.png\">&nbsp;&nbsp;<img src=\"//lango-tech.com/XBH/ueditor/images/20160802/1470144838370002841.png\" title=\"1470144838370002841.png\" alt=\"905.png\"></p><p><br></p>",""]}, {"name": "跑步机+管理系统","content1": "通过触屏来控制跑步机的开关、坡度、速度等功能，实时存储用户跑步数据并进行科学分析","content2": "智能控制+健康数据智能管理","imgList": ["//lango-tech.com/XBH/images/20160906_093448_452740.png","//lango-tech.com/XBH/images/20160906_093458_580817.png","//lango-tech.com/XBH/images/20160906_093508_409783.png"],"itemList": ["智能跑步机", "安卓中端", "安卓高端"],"itemContentList": ["<p style=\"white-space: normal;\"><strong style=\"font-family: 微软雅黑, 'Microsoft YaHei';\"><span style=\"font-size: 24px; color: rgb(0, 176, 240);\">智能跑步机</span></strong><br></p><p style=\"margin-left: 28px; white-space: normal;\"><span style=\"font-family: 微软雅黑, 'Microsoft YaHei';\"><span style=\"font-weight: bold; font-size: 14px;\"></span></span><span style=\"font-family: Wingdings; font-weight: bold; font-size: 14px;\">l&nbsp;</span><strong><span style=\"font-family: 'Times New Roman'; font-size: 14px;\">产品</span><span style=\"font-size: 14px;\"><span style=\"font-family: 宋体;\">介绍：</span></span></strong></p><p style=\"white-space: normal; text-indent: 32px;\"><span style=\"font-family: 微软雅黑, 'Microsoft YaHei'; font-size: 14px;\">小百合智能跑步机操作系统结合跑步机智能控制和跑步数据智能管理为一体，通过触屏来控制跑步机的开关、坡度、速度等功能，实时存储用户跑步数据并进行科学分析。系统自带海量视频资源，可播放音乐、电台节目，增加跑步乐趣。可根据用户体重科学定制运动方案，让用户达到更佳的健身效果。</span></p><p style=\"white-space: normal; text-indent: 32px;\"><span style=\"font-family: 微软雅黑, 'Microsoft YaHei'; font-size: 14px;\"><br></span></p><p style=\"margin-left: 28px; white-space: normal;\"><span style=\"font-family: 微软雅黑, 'Microsoft YaHei';\"><span style=\"font-family: Wingdings; font-weight: bold; font-size: 14px;\">l&nbsp;</span><strong><span style=\"font-family: 'Times New Roman'; font-size: 14px;\">产品</span></strong><strong><span style=\"font-family: 宋体; font-size: 14px;\">功能：</span></strong><strong><span style=\"font-family: 宋体; font-size: 14px;\"></span></strong></span></p><p style=\"margin-left: 28px; white-space: normal;\"><span style=\"font-family: 微软雅黑, 'Microsoft YaHei';\"><span style=\"font-weight: bold; font-size: 14px; font-family: Wingdings;\">v&nbsp;</span><strong><span style=\"font-size: 14px;\">智能控制：</span></strong><span style=\"font-size: 14px;\">可通过触摸屏直接控制跑步机的开关、坡度、速度等功能</span><strong><span style=\"font-size: 14px;\">&nbsp;</span></strong><strong><span style=\"font-size: 14px;\"></span></strong></span></p><p style=\"margin-left: 28px; white-space: normal;\"><span style=\"font-family: 微软雅黑, 'Microsoft YaHei';\"><span style=\"font-weight: bold; font-size: 14px; font-family: Wingdings;\">v&nbsp;</span><strong><span style=\"font-size: 14px;\">智能模式：</span></strong><span style=\"font-size: 14px;\">内置20多种智能跑步模式，为初、中、高级用户定制不同的运动计划，帮助用户更加科学高效健身。</span></span></p><p style=\"margin-left: 28px; white-space: normal;\"><span style=\"font-family: 微软雅黑, 'Microsoft YaHei';\"><span style=\"font-weight: bold; font-size: 14px; font-family: Wingdings;\">v&nbsp;</span><strong><span style=\"font-size: 14px;\">实景运动：</span></strong><span style=\"font-size: 14px;\">内置实景运动视频，模拟用户真实的跑步情景</span></span></p><p style=\"margin-left: 28px; white-space: normal;\"><span style=\"font-family: 微软雅黑, 'Microsoft YaHei';\"><span style=\"font-weight: bold; font-size: 14px;\"><span style=\"font-family: Wingdings;\">v&nbsp;</span>&nbsp;</span><strong><span style=\"font-size: 14px;\">数据管理：</span></strong><span style=\"font-size: 14px;\">为每个用户匹配账号，对用户跑步数据进行云存储，让用户实时查看运动记录、体重记录、个人排名等信息</span></span></p><p style=\"margin-left: 28px; white-space: normal;\"><span style=\"font-family: 微软雅黑, 'Microsoft YaHei';\"><span style=\"font-weight: bold; font-size: 14px;\"><span style=\"font-family: Wingdings;\">v&nbsp;</span>&nbsp;</span><strong><span style=\"font-size: 14px;\">视频播放：</span></strong><span style=\"font-size: 14px;\">海量电影电视剧资源，优化室内跑步体验；</span></span></p><p style=\"margin-left: 28px; white-space: normal;\"><span style=\"font-family: 微软雅黑, 'Microsoft YaHei';\"><span style=\"font-weight: bold; font-size: 14px; font-family: Wingdings;\">v&nbsp;</span><strong><span style=\"font-size: 14px;\">音乐随听：</span></strong><span style=\"font-size: 14px;\">跑步时既可以选择线上影视音乐也可以使用蓝牙连接个人设备导入自己喜欢的音乐或视频；</span></span></p><p style=\"margin-left: 28px; white-space: normal;\"><span style=\"font-family: 微软雅黑, 'Microsoft YaHei';\"><span style=\"font-weight: bold; font-size: 14px;\"><span style=\"font-family: Wingdings;\">v&nbsp;</span>&nbsp;</span><strong><span style=\"font-size: 14px;\">定制方案：</span></strong><span style=\"font-size: 14px;\">可外接体重秤，监测用户体重变化，并根据用户体重定制科学的健身方案</span></span></p><p style=\"margin-left: 28px; white-space: normal;\"><span style=\"font-family: 微软雅黑, 'Microsoft YaHei';\"><span style=\"font-weight: bold; font-size: 14px;\"><span style=\"font-family: Wingdings;\">v&nbsp;</span>&nbsp;</span><strong><span style=\"font-size: 14px;\">互动社区：</span></strong><span style=\"font-size: 14px;\">内含用户社区平台，用户可与社区内其他用户进行即时PK、结伴、聊天，找到更多志同道合的健身爱好者</span></span></p><p style=\"margin-left: 28px; white-space: normal;\"><span style=\"font-family: 微软雅黑, 'Microsoft YaHei';\"><span style=\"font-weight: bold; font-size: 14px;\"><span style=\"font-family: Wingdings;\">v&nbsp;</span>&nbsp;</span><strong><span style=\"font-size: 14px;\">远程监控：</span></strong><span style=\"font-size: 14px;\">远程监控跑步机的状态，当跑步机异常时实时通知厂商和用户</span></span></p><p style=\"margin-left: 28px; white-space: normal;\"><span style=\"font-family: 微软雅黑, 'Microsoft YaHei';\"><strong><span style=\"font-family: 宋体; font-size: 14px;\">&nbsp;</span></strong><strong><span style=\"font-family: 宋体; font-size: 14px;\"></span></strong></span></p><p style=\"margin-left: 28px; white-space: normal;\"><span style=\"font-family: 微软雅黑, 'Microsoft YaHei';\"><span style=\"font-family: Wingdings; font-weight: bold; font-size: 14px;\">l&nbsp;</span><strong><span style=\"font-family: 宋体; font-size: 14px;\">产品优势：</span></strong><strong><span style=\"font-family: 宋体; font-size: 14px;\"></span></strong></span></p><p style=\"margin-left: 28px; white-space: normal;\"><span style=\"font-family: 微软雅黑, 'Microsoft YaHei'; font-size: 14px;\"><span style=\"font-family: Wingdings; font-weight: bold;\">v&nbsp;</span>实时语音提醒，让你在运动中更安全、更舒适</span></p><p style=\"margin-left: 28px; white-space: normal;\"><span style=\"font-family: 微软雅黑, 'Microsoft YaHei'; font-size: 14px;\"><span style=\"font-family: Wingdings; font-weight: bold;\">v&nbsp;</span>&nbsp;实时联网，随时上网冲浪、看视频、听音乐，运动娱乐两不误</span></p><p style=\"margin-left: 28px; white-space: normal;\"><span style=\"font-family: 微软雅黑, 'Microsoft YaHei'; font-size: 14px;\"><span style=\"font-family: Wingdings; font-weight: bold;\">v&nbsp;</span>&nbsp;触屏控制，让操作更加简便快捷</span></p><p style=\"margin-left: 28px; white-space: normal;\"><span style=\"font-family: 微软雅黑, 'Microsoft YaHei';\"><span style=\"font-size: 14px;\"><span style=\"font-family: Wingdings; font-weight: bold;\">v&nbsp;</span>&nbsp;</span><span style=\"font-size: 14px;\">数据云存储，让用户实时查看运动数据</span></span></p><p style=\"margin-left: 28px; white-space: normal;\"><span style=\"font-family: 微软雅黑, 'Microsoft YaHei';\"><span style=\"font-size: 14px;\"><span style=\"font-family: Wingdings; font-weight: bold;\">v&nbsp;</span>&nbsp;</span><span style=\"font-size: 14px;\">个性化运动方案，让用户的健身运动更加科学高效</span></span></p><p style=\"margin-left: 28px; white-space: normal;\"><span style=\"font-family: 微软雅黑, 'Microsoft YaHei';\"><span style=\"font-size: 14px;\"><span style=\"font-family: Wingdings; font-weight: bold;\">v&nbsp;</span>&nbsp;</span><span style=\"font-size: 14px;\">远程监控跑步机状态，实时发现设备异常情况</span></span></p><p style=\"white-space: normal; text-align: center;\"><br></p><p style=\"white-space: normal;\"><strong style=\"font-family: 微软雅黑, 'Microsoft YaHei';\"><span style=\"font-size: 24px; color: rgb(0, 176, 240);\">部分界面展示</span></strong></p><p style=\"white-space: normal; text-align: center;\"><img src=\"//www.gzxbh.com/XBH/ueditor/images/20160730/1469862269598006424.png\" title=\"1469862269598006424.png\" alt=\"登录面板.png\">&nbsp;&nbsp;<img src=\"//www.gzxbh.com/XBH/ueditor/images/20160730/1469862289558086666.png\" title=\"1469862289558086666.png\" alt=\"电视节目.png\"></p><p style=\"white-space: normal; text-align: center;\"><img src=\"//www.gzxbh.com/XBH/ueditor/images/20160730/1469862310155008487.png\" title=\"1469862310155008487.png\" alt=\"跑步界面.png\">&nbsp;&nbsp;<img src=\"//www.gzxbh.com/XBH/ueditor/images/20160730/1469862316975038539.png\" title=\"1469862316975038539.png\" alt=\"本地应用.png\"></p>","<p style=\"white-space: normal;\"><span style=\"font-family: 微软雅黑, 'Microsoft YaHei'; color: rgb(0, 176, 240); font-size: 24px;\"><strong>安卓中端</strong></span></p><p style=\"margin-left: 28px; white-space: normal;\"><span style=\"font-family: 微软雅黑, 'Microsoft YaHei';\"><span style=\"font-family: Wingdings; font-weight: bold; font-size: 14px;\">l&nbsp;</span><strong><span style=\"font-family: 宋体; font-size: 14px;\">产品概述：</span></strong><strong><span style=\"font-family: 宋体; font-size: 14px;\"></span></strong></span></p><p style=\"white-space: normal; text-indent: 28px;\"><span style=\"font-family: 微软雅黑, 'Microsoft YaHei'; font-size: 14px;\">一款智能终端显示控制主板，配置双核1.2GHz&nbsp;64bit CPU，四核高性能GPU，内置512M&nbsp;DDR&nbsp;内存，嵌入安卓交互界面，具有强大的音视频处理能力。支持最高分辨率为1080P/LVDS，性能优良，成熟稳定，内置 2.4G WIFI+蓝牙模块。</span></p><p style=\"white-space: normal;\"><span style=\"font-family: 微软雅黑, 'Microsoft YaHei'; font-size: 14px;\">&nbsp;&nbsp;&nbsp; &nbsp; &nbsp;可支持的接口有：串口，SD卡接口，耳机接口，2路USB2.0接口，风扇供电接口，安全锁接口等。</span></p><p style=\"white-space: normal;\"><span style=\"font-family: 微软雅黑, 'Microsoft YaHei'; font-size: 14px;\">&nbsp; &nbsp; &nbsp; &nbsp;应用在跑步机产品上时，还具备有如下功能：</span></p><p style=\"white-space: normal;\"><span style=\"font-size: 14px;\"><span style=\"font-family: 微软雅黑, 'Microsoft YaHei';\">&nbsp; &nbsp; &nbsp; &nbsp;&nbsp;</span></span><span style=\"font-family: Wingdings; font-weight: bold; font-size: 14px;\">l&nbsp;</span><strong style=\"font-family: 微软雅黑, 'Microsoft YaHei';\"><span style=\"font-family: 宋体; font-size: 14px;\">主要功能：</span></strong></p><p style=\"white-space: normal;\"><span style=\"font-family: 微软雅黑, 'Microsoft YaHei'; font-size: 14px;\">&nbsp; &nbsp; &nbsp; &nbsp; 1<span style=\"font-family: 宋体;\">）</span>触摸驱动：用户可通过触摸屏实现与主板的交互。</span></p><p style=\"white-space: normal;\"><span style=\"font-family: 微软雅黑, 'Microsoft YaHei'; font-size: 14px;\">&nbsp; &nbsp; &nbsp; &nbsp;&nbsp;2）坡度与速度调节：用户可通过按键或触摸屏对跑步机的坡度和速度参数进行调节。</span></p><p style=\"white-space: normal;\"><span style=\"font-family: 微软雅黑, 'Microsoft YaHei'; font-size: 14px;\">&nbsp; &nbsp; &nbsp;&nbsp;&nbsp; 3）心率模块：主板提供心率模块接口，能实现对用户的心率进行检测。</span></p><p style=\"white-space: normal;\"><span style=\"font-family: 微软雅黑, 'Microsoft YaHei'; font-size: 14px;\">&nbsp; &nbsp; &nbsp; &nbsp;&nbsp;4）紧急制动：用户可通过紧急/安全停止开关对系统进行紧急制动，避免造成二次伤害。</span></p><p style=\"white-space: normal;\"><span style=\"font-family: 微软雅黑, 'Microsoft YaHei'; font-size: 14px;\">&nbsp; &nbsp;&nbsp;&nbsp; &nbsp; 5）第三方锁定：提供一个锁定的方法以防止第三方不受控制的使用。</span></p><p style=\"white-space: normal;\"><span style=\"font-family: 微软雅黑, 'Microsoft YaHei'; font-size: 14px;\">&nbsp; &nbsp; &nbsp;&nbsp;&nbsp; 6）故障提醒：当跑步机出现故障时，主板能解析跑步机控制器反馈的信息，并在屏幕上显示对应故障信息，便于用户处理。<span style=\"font-family: 宋体;\"></span></span></p><p style=\"white-space: normal;\"><span style=\"font-family: 微软雅黑, 'Microsoft YaHei'; font-size: 14px;\">&nbsp; &nbsp; &nbsp;&nbsp;&nbsp; 7）其他外设接口：可提供蓝牙、RS232等接口，支持与其他外设的连接。</span></p><p style=\"white-space: normal;\"><span style=\"font-family: 微软雅黑, 'Microsoft YaHei'; font-size: 14px;\">&nbsp; &nbsp; &nbsp; &nbsp;&nbsp;同时可通过升级接口轻松快捷的升级软件。</span></p><p style=\"white-space: normal;\"><span style=\"font-size: 14px;\"><span style=\"font-family: 微软雅黑, 'Microsoft YaHei';\">&nbsp; &nbsp; &nbsp; &nbsp;&nbsp;</span></span><span style=\"font-size: 14px; font-family: Wingdings; font-weight: bold;\">l&nbsp;</span><strong style=\"font-family: 微软雅黑, 'Microsoft YaHei'; font-size: 14px;\"><span style=\"font-family: 宋体;\">部分参数：</span></strong></p><p style=\"white-space: normal; text-align: center;\"><span style=\"font-family: 宋体; font-size: 14px;\"><img src=\"//www.gzxbh.com/XBH/ueditor/images/20160802/1470147070696081425.png\" title=\"1470147070696081425.png\" alt=\"QQ截图20160802221052.png\"></span></p><p style=\"white-space: normal;\"><span style=\"font-family: 宋体; font-size: 14px;\"><strong style=\"color: rgb(0, 176, 240); font-family: 微软雅黑, 'Microsoft YaHei'; font-size: 24px; text-align: justify;\">图片展示</strong></span></p><p style=\"white-space: normal; text-align: center;\">&nbsp;&nbsp;<img src=\"//www.gzxbh.com/XBH/ueditor/images/20160802/1470146571330078820.png\" title=\"1470146571330078820.png\" alt=\"板卡图 - 副本.png\">&nbsp;&nbsp;<img src=\"//www.gzxbh.com/XBH/ueditor/images/20160802/1470139973407041016.png\" title=\"1470139973407041016.png\" alt=\"板卡.png\"></p><p><br></p>","<p style=\"white-space: normal;\"><span style=\"color: rgb(0, 176, 240); font-family: 微软雅黑, 'Microsoft YaHei'; font-size: 24px;\"><strong>安卓高端</strong></span></p><p style=\"white-space: normal;\"><span style=\"font-family: 微软雅黑, 'Microsoft YaHei';\"><span style=\"font-weight: bold; font-size: 14px;\"></span><span style=\"font-size: 14px; text-indent: 28px; font-family: Wingdings; font-weight: bold;\">&nbsp; l 产品概述：</span><br></span></p><p style=\"white-space: normal; text-indent: 28px;\"><span style=\"font-family: 微软雅黑, 'Microsoft YaHei'; font-size: 14px;\">一款智能广告机主板，使用&nbsp;Amlogic S905方案，主频高达2.0GHz，CPU为64bit四核&nbsp;CortexA53架构，GPU集成五核Mali-450，强劲的性能给您最流畅的运行体验。除此之外，该板卡具有强大的音视频处理能力，可支持最高1080P @60Hz的LVDS视频输出或HDMI输出，主板支持1GB &amp; 2GB DDR可选，&nbsp;8GB &amp; 16GB &amp; 32GBeMMC容量可选，WIFI 2.4GHz&amp; 2.4GHz+5GHz+BT4.0可选。</span></p><p style=\"white-space: normal; text-indent: 28px;\"><span style=\"font-family: 微软雅黑, 'Microsoft YaHei'; font-size: 14px;\">支持的接口有DC,EARPHONE,RJ45,HDMI OUT,TF,SIM,USB2.0*2。</span></p><p style=\"white-space: normal; text-indent: 28px;\"><span style=\"font-family: 微软雅黑, 'Microsoft YaHei';\"><span style=\"font-size: 14px;\">具有强大的多媒体播放功能，通过USB接口可以播放绝大多数多媒体文件，可支持最高分辨率4K@60HZ视频</span><span style=\"font-size: 14px;\">，同时可通过USB2.0接口轻松快捷的升级软件。</span></span></p><p style=\"white-space: normal; text-indent: 28px;\"><span style=\"font-family: 宋体; font-size: 14px;\"><span style=\"font-family: Wingdings; font-weight: bold;\">l 本地操作</span><strong style=\"font-family: 'Times New Roman'; font-size: medium;\"><span style=\"font-size: 14px;\">功能：</span></strong></span></p><p style=\"white-space: normal; text-indent: 28px;\"><span style=\"font-family: 宋体; font-size: 14px;\"><br></span></p><p style=\"white-space: normal; text-align: center;\"><img src=\"//www.gzxbh.com/XBH/ueditor/images/20160802/1470145082383003994.png\" title=\"1470145082383003994.png\" alt=\"QQ截图20160802212409.png\"></p><p style=\"white-space: normal;\"><strong style=\"color: rgb(0, 176, 240); font-family: 微软雅黑, 'Microsoft YaHei'; font-size: 24px; text-align: justify;\">图片展示</strong></p><p style=\"white-space: normal; text-align: center;\"><img src=\"//www.gzxbh.com/XBH/ueditor/images/20160802/1470144831998014440.png\" title=\"1470144831998014440.png\" alt=\"905.1.png\">&nbsp;&nbsp;<img src=\"//www.gzxbh.com/XBH/ueditor/images/20160802/1470144838370002841.png\" title=\"1470144838370002841.png\" alt=\"905.png\"></p>"]}, {"name": "三合一","content1": "适用于中国及海外模拟电视区域的智能电视机主板，配置双核1.2GHz 64bit CPU，具有强大的音视频处理能力。支持最高分辨率为4K*2K，性能优良，成熟稳定,内置WIFI模块","content2": "适用于中国及海外模拟电视区域的智能电视机主板","imgList": ["//lango-tech.com/XBH/images/20160813_095412_774263.png","//lango-tech.com/XBH/images/20160813_095426_591011.png","//lango-tech.com/XBH/images/20160813_095441_707545.png"],"itemList": ["Smart TV", "DVB", "ATSC", "DTMB", "ISDB", "A-TV"],"itemContentList": ["<h1 style=\"white-space: normal;\"><span style=\"font-family: 微软雅黑, 'Microsoft YaHei'; font-size: 24px; color: rgb(0, 176, 240);\">Smart TV</span></h1><p style=\"white-space: normal;\"><span style=\"font-size: 14px; font-family: 微软雅黑;\">&nbsp; &nbsp; &nbsp;<span style=\"font-family: Wingdings; font-weight: bold;\">l&nbsp;</span><strong style=\"font-family: 微软雅黑, 'Microsoft YaHei'; font-size: medium;\"><span style=\"font-family: 宋体; font-size: 14px;\">产品概述：</span></strong>&nbsp; &nbsp; &nbsp;</span></p><p style=\"white-space: normal;\"><span style=\"font-size: 14px; font-family: 微软雅黑;\">&nbsp; &nbsp; &nbsp; Smart TV是一款适用于中国及海外模拟电视区域的智能电视机主板，配置双核1.2GHz 64bit CPU，具有强大的音视频处理能力。支持最高分辨率为4K*2K，性能优良，成熟稳定,内置WIFI模块。该方案集成四核高性能GPU。可支持50”以上LED背光TFT屏。</span></p><p style=\"white-space: normal;\"><span style=\"font-size: 14px; font-family: 微软雅黑;\">&nbsp; &nbsp; &nbsp; &nbsp;该板可支持的接口有：MINI AV IN，MINI AV OUT， MINI YPBPR， HDMI*4，USB TOUCH，USB2.0，USB3.0， RS232， EARPHONE， RJ45*2， VGA，PC AUDIO，RF，DP，COAX/OPTICAL.</span></p><p style=\"white-space: normal;\"><span style=\"font-size: 14px; font-family: 微软雅黑;\">&nbsp; &nbsp; &nbsp; &nbsp;两路HDMI支持HDMI2.0，剩下的两路HDMI，一路HDMI支持ARC，一路HDMI支持MHL。</span></p><p style=\"white-space: normal;\"><span style=\"font-size: 14px; font-family: 微软雅黑;\">&nbsp; &nbsp; &nbsp; &nbsp;该板具有强大的多媒体播放功能，通过USB接口可以播放绝大多数多媒体文件，可支持最高分辨率 &nbsp;4K 30HZ视频。</span></p><p style=\"white-space: normal; text-indent: 32px;\"><span style=\"font-family: 微软雅黑; font-size: 14px;\">同时可通过USB2.0接口轻松快捷的升级软件。</span></p><p style=\"white-space: normal; text-indent: 32px;\"><span style=\"font-family: 微软雅黑; font-size: 14px;\"><span style=\"font-family: Wingdings; font-weight: bold;\">l&nbsp;</span><strong style=\"font-family: 微软雅黑, 'Microsoft YaHei'; font-size: medium;\"><span style=\"font-family: 宋体; font-size: 14px;\">主要功能：</span></strong>&nbsp;</span></p><p style=\"margin-left: 28px; white-space: normal;\"><span style=\"font-size: 14px;\"><span style=\"font-family: Wingdings;\">v&nbsp;</span><span style=\"font-family: 微软雅黑;\">支持多种音视频封装格式,包括：3GP, 3G2, AVI, LV, F4V, OGG, MP4, MOV, TS, M2TS, M2T, MTS, TP, TRP, M2P, MKV, VOB, DAT, M4V, ASF,&nbsp;</span></span></p><p style=\"margin-left: 28px; white-space: normal;\"><span style=\"font-size: 14px;\"><span style=\"font-family: 微软雅黑;\">&nbsp; &nbsp; &nbsp; &nbsp;WEBM, 3GP, MP3, WAV, WMA, MPEG, PCM</span></span></p><p style=\"margin-left: 28px; white-space: normal;\"><span style=\"font-size: 14px;\"><span style=\"font-family: Wingdings;\">v&nbsp;</span><span style=\"font-family: 微软雅黑;\">支持多种视频编码协议，包括：H264, H265, MPEG2, VC1, VP6, VP8, VP9, MVC, MJPEG, AVS, AVS+等</span></span></p><p style=\"margin-left: 28px; white-space: normal;\"><span style=\"font-size: 14px;\"><span style=\"font-family: Wingdings;\">v&nbsp;</span><span style=\"font-family: 微软雅黑;\">支持多种音频编码协议，包括：WMA, MP3, WAV, AAC, AC3, Vorbis, FLAC, APE等</span></span></p><p style=\"margin-left: 28px; white-space: normal;\"><span style=\"font-size: 14px;\"><span style=\"font-family: Wingdings;\">v&nbsp;</span><span style=\"font-family: 微软雅黑;\">支持多种网络播放协议，包括：http, https, rtsp, mms , rtmp, hls等</span></span></p><p style=\"margin-left: 28px; white-space: normal;\"><span style=\"font-size: 14px;\"><span style=\"font-family: Wingdings;\">v&nbsp;</span><span style=\"font-family: 微软雅黑;\">支持蓝光播放</span></span></p><p style=\"margin-left: 28px; white-space: normal;\"><span style=\"font-size: 14px;\"><span style=\"font-family: Wingdings;\">v&nbsp;</span><span style=\"font-family: 微软雅黑;\">支持3D视频：MVC，SBS, TAB</span></span></p><p style=\"margin-left: 28px; white-space: normal;\"><span style=\"font-size: 14px;\"><span style=\"font-family: Wingdings;\">v&nbsp;</span><span style=\"font-family: 微软雅黑;\">支持多种字幕和字幕控制，包括：srt, sub, smi, sami, ssa, aas, lrc, idx+sub, PGS, MKV Internal subtitle, TS Internal subtitle(dvb subtitle), &nbsp; &nbsp; &nbsp;</span></span></p><p style=\"margin-left: 28px; white-space: normal;\"><span style=\"font-size: 14px;\"><span style=\"font-family: 微软雅黑;\">&nbsp; &nbsp; &nbsp; &nbsp;VOBSub(idx+sub)</span></span></p><p style=\"margin-left: 28px; white-space: normal;\"><span style=\"font-size: 14px;\"><span style=\"font-family: Wingdings;\">v&nbsp;</span><span style=\"font-family: 微软雅黑;\">支持多音轨</span></span></p><p style=\"margin-left: 28px; white-space: normal;\"><span style=\"font-size: 14px;\"><span style=\"font-family: Wingdings;\">v&nbsp;</span><span style=\"font-family: 微软雅黑;\">支持常见HTML5视频网站：qq, letv, iqiyi, youku, tudou, sina等</span></span></p><p style=\"margin-left: 28px; white-space: normal;\"><span style=\"font-size: 14px;\"><span style=\"font-family: Wingdings;\">v&nbsp;</span><span style=\"font-family: 微软雅黑;\">支持常见视频客户端：qq, letv, iqiyi, youku, tudou, cntv, sina等</span></span></p><p style=\"margin-left: 28px; white-space: normal;\"><span style=\"font-size: 14px;\"><span style=\"font-family: Wingdings;\">v&nbsp;</span><span style=\"font-family: 微软雅黑;\">支持Android标准图片格式,包括：jpeg（硬解）, png（硬解）, gif, bmp等</span></span></p><p style=\"margin-left: 28px; white-space: normal;\"><span style=\"font-size: 14px;\"><span style=\"font-family: 微软雅黑;\"><span style=\"font-family: 'Times New Roman';\"><span style=\"font-family: 微软雅黑, 'Microsoft YaHei';\">&nbsp;</span></span><span style=\"font-family: Wingdings; font-weight: bold;\">l&nbsp;</span><strong style=\"font-family: 微软雅黑, 'Microsoft YaHei';\"><span style=\"font-family: 宋体;\">部分参数：</span></strong></span></span></p><p style=\"margin-left: 28px; white-space: normal; text-align: center;\"><span style=\"font-size: 14px;\"><span style=\"font-family: 微软雅黑;\"><strong style=\"font-family: 微软雅黑, 'Microsoft YaHei';\"><span style=\"font-family: 宋体;\"><img src=\"//lango-tech.com/XBH/ueditor/images/20160812/1470972126923048512.png\" title=\"1470972126923048512.png\" alt=\"smart-tv.png\"></span></strong></span></span></p><p><span style=\"font-size: 14px;\"><span style=\"font-family: 微软雅黑;\"><strong style=\"font-family: 微软雅黑, 'Microsoft YaHei';\"><span style=\"font-family: 宋体;\"><br></span></strong></span></span></p><p><br></p>","<p style=\"white-space: normal;\"><span style=\"font-size: 24px; color: rgb(0, 176, 240);\"><strong><span style=\"font-family: 微软雅黑, 'Microsoft YaHei';\">DVB</span></strong></span></p><p style=\"white-space: normal;\"><span style=\"font-family: Wingdings; font-weight: bold; font-size: 14px;\">l </span><strong style=\"font-family: 微软雅黑, 'Microsoft YaHei'; font-size: medium;\"><span style=\"font-family: 宋体; font-size: 14px;\">产品概述：</span></strong></p><p style=\"white-space: normal;\">&nbsp; &nbsp; &nbsp; &nbsp;<span style=\"font-size: 14px; font-family: 微软雅黑, 'Microsoft YaHei';\">DVB是一款数模一体电视控制主板，集成了电源及恒流驱动，适用于澳洲市场。该方案的USB可用于软件升级和多媒体播放。该方案的HDMI支持版本为1.4，HDCP支持的版本为1.3。电源部分是高效率开关电源，总输出功率75W，支持32’到42’LED背光TFT屏，支持的最高分辨率1920x1080。</span></p><p style=\"white-space: normal;\"><span style=\"font-size: 14px; font-family: 微软雅黑, 'Microsoft YaHei';\">&nbsp; &nbsp; &nbsp; &nbsp; 该板支持 EARPHONE 、AV IN、HDMI*3、VGA、PC AUDIO IN, COAX 、RF、YPbPr、USB*2，可以通过USB轻松升级软件。</span></p><p style=\"white-space: normal;\"><span style=\"font-size: 14px; font-family: 微软雅黑, 'Microsoft YaHei';\">&nbsp;<span style=\"font-family: Wingdings; font-weight: bold;\">l </span><strong><span style=\"font-family: 宋体;\">部分参数：</span></strong></span></p><p style=\"white-space: normal;\"><span style=\"font-size: 14px; font-family: 微软雅黑, 'Microsoft YaHei';\"><strong><span style=\"font-family: 宋体;\"><br></span></strong></span></p><p style=\"white-space: normal; text-align: center;\"><img src=\"//lango-tech.com/XBH/ueditor/images/20160812/1470972139898089067.png\" title=\"1470972139898089067.png\" alt=\"dvb.png\"></p><p><br></p>","","<h1 style=\"white-space: normal;\"><span style=\"font-family: 微软雅黑, 'Microsoft YaHei'; font-size: 24px; color: rgb(0, 176, 240);\"><strong>DTMB</strong></span></h1><p style=\"white-space: normal;\"><span style=\"font-family: 微软雅黑;\">&nbsp; &nbsp; &nbsp;&nbsp;<span style=\"font-family: Wingdings; font-weight: bold; font-size: 14px;\">l&nbsp;</span><strong style=\"font-family: 微软雅黑, 'Microsoft YaHei'; font-size: medium;\"><span style=\"font-family: 宋体; font-size: 14px;\">产品概述：</span></strong></span></p><p style=\"white-space: normal;\"><span style=\"font-family: 微软雅黑;\">&nbsp; &nbsp; &nbsp;&nbsp;<span style=\"font-size: 14px;\">DTMB是一款模数一体电视控制主板，集成了电源及恒流驱动，适用于中国市场。该方案的USB可用于软件升级和多媒体播放,如MP3和JPEG等格式的图片。电源部分是高效率开关电源，总输出功率75W，支持32寸到42寸LED背光TFT屏，支持的最高分辨率为1920x1080。</span></span></p><p style=\"white-space: normal;\"><span style=\"font-size: 14px;\">&nbsp; &nbsp; &nbsp;<span style=\"font-family: Wingdings; font-weight: bold;\">l&nbsp;</span><strong style=\"font-family: 微软雅黑, 'Microsoft YaHei';\"><span style=\"font-family: 宋体;\">部分参数：</span></strong></span><br></p><p style=\"white-space: normal; text-align: center;\"><img src=\"//lango-tech.com/XBH/ueditor/images/20160812/1470972184723080933.png\" title=\"1470972184723080933.png\" alt=\"dtmb.png\"></p>","","<p style=\"white-space: normal;\"><span style=\"color: rgb(0, 176, 240); font-size: 24px;\"><strong><span style=\"font-family: 微软雅黑;\">A-TV</span></strong></span></p><p style=\"white-space: normal;\">&nbsp; &nbsp; &nbsp;<span style=\"font-family: Wingdings; font-weight: bold; font-size: 14px;\">l&nbsp;</span><strong style=\"font-family: 微软雅黑, 'Microsoft YaHei'; font-size: medium;\"><span style=\"font-family: 宋体; font-size: 14px;\">产品概述：</span></strong>&nbsp; &nbsp; &nbsp;</p><p style=\"white-space: normal;\"><span style=\"font-family: 微软雅黑;\">&nbsp; &nbsp; &nbsp; A-TV是一款模拟电视控制主板，集成了电源及恒流驱动，适用于亚太、中东市场。该方案的USB可用于软件升级和多媒体播放，比如：播放音频和查看图片。电源部分是高效率开关电源，支持最大输出功率48W，支持28’到32’LED背光TFT屏，支持的最高分辨率1920x1080。</span></p><p style=\"white-space: normal;\"><span style=\"font-family: 微软雅黑;\">&nbsp; &nbsp; &nbsp; &nbsp;该板可支持的端口包括：MINI AV IN&amp;MINI AV OUT(COAX&amp;MINI CVBS OUT)，HDMI*2，VGA，PC AUDIO，RF，AV IN&amp;YPBPR，AV IN&amp;AV OUT，USB*2，EARPHONE。</span></p><p style=\"white-space: normal;\"><span style=\"font-family: 微软雅黑;\">&nbsp; &nbsp; &nbsp; &nbsp;该板具有强大的多媒体播放功能,通过USB接口可以播放绝大多数多媒体文件，可支持1080P的全高清视频。</span></p><p style=\"white-space: normal;\"><span style=\"font-family: 微软雅黑;\">&nbsp; &nbsp; &nbsp; &nbsp;可通过USB接口轻松快捷的升级软件。</span></p><p style=\"white-space: normal;\"><span style=\"font-family: 'Times New Roman'; font-size: 14px;\"><span style=\"font-family: 微软雅黑, 'Microsoft YaHei';\">&nbsp; &nbsp; &nbsp; &nbsp;&nbsp;</span></span><span style=\"font-size: 14px; font-family: Wingdings; font-weight: bold;\">l&nbsp;</span><strong style=\"font-family: 微软雅黑, 'Microsoft YaHei'; font-size: 14px;\"><span style=\"font-family: 宋体;\">部分参数：</span></strong></p><p style=\"white-space: normal; text-align: center;\"><img src=\"//lango-tech.com/XBH/ueditor/images/20160812/1470972206224068503.png\" title=\"1470972206224068503.png\" alt=\"a-tv.png\"></p><p><br></p>"]}, {"name": "ATV","content1": "A-TV是一款模拟电视控制主板，集成了电源及恒流驱动，适用于亚太、中东市场。","content2": "模拟电视控制主板  集成电源及恒流驱动","imgList": ["//lango-tech.com/XBH/images/20160902_104804_643767.png","//lango-tech.com/XBH/images/20160902_104814_214196.png","//lango-tech.com/XBH/images/20160902_104822_663305.png"],"itemList": ["产品概述", "图片展示", "部分参数"],"itemContentList": ["<p style=\"white-space: normal;\"><span style=\"font-family: 微软雅黑, 'Microsoft YaHei'; font-size: 24px;\"><span style=\"font-family: 微软雅黑, 'Microsoft YaHei'; color: rgb(0, 176, 240);\"><strong>A-TV</strong></span><strong><span style=\"font-family: 微软雅黑, 'Microsoft YaHei'; color: rgb(0, 176, 240);\">产品概述</span></strong>&nbsp;&nbsp;</span></p><p style=\"white-space: normal;\"><span style=\"font-family: 微软雅黑;\">&nbsp; &nbsp; &nbsp; <span style=\"font-size: 14px; font-family: 微软雅黑, 'Microsoft YaHei';\">A-TV是一款模拟电视控制主板，集成了电源及恒流驱动，适用于亚太、中东市场。该方案的USB可用于软件升级和多媒体播放，比如：播放音频和查看图片。电源部分是高效率开关电源，支持最大输出功率48W，支持28’到32’LED背光TFT屏，支持的最高分辨率1920x1080。</span></span></p><p style=\"white-space: normal;\"><span style=\"font-size: 14px; font-family: 微软雅黑, 'Microsoft YaHei';\">&nbsp; &nbsp; &nbsp; &nbsp;该板可支持的端口包括：MINI AV IN&amp;MINI AV OUT(COAX&amp;MINI CVBS OUT)，HDMI*2，VGA，PC AUDIO，RF，AV IN&amp;YPBPR，AV IN&amp;AV OUT，USB*2，EARPHONE。</span></p><p style=\"white-space: normal;\"><span style=\"font-size: 14px; font-family: 微软雅黑, 'Microsoft YaHei';\">&nbsp; &nbsp; &nbsp; &nbsp;该板具有强大的多媒体播放功能,通过USB接口可以播放绝大多数多媒体文件，可支持1080P的全高清视频。</span></p><p style=\"white-space: normal;\"><span style=\"font-size: 14px; font-family: 微软雅黑, 'Microsoft YaHei';\">&nbsp; &nbsp; &nbsp; &nbsp;可通过USB接口轻松快捷的升级软件。</span></p><p style=\"white-space: normal; text-align: center;\"><span style=\"font-size: 14px; font-family: 微软雅黑, 'Microsoft YaHei';\"><img src=\"//lango-tech.com/XBH/ueditor/images/20160902/1472786297343018183.png\" title=\"1472786297343018183.png\" alt=\"ATV.png\"></span></p>","<p><span style=\"font-family: 微软雅黑, 'Microsoft YaHei'; font-size: 24px; color: rgb(0, 176, 240);\"><strong>A-TV图片展示</strong></span></p><p><br></p><p style=\"text-align: center;\"><img src=\"//lango-tech.com/XBH/ueditor/images/20160902/1472784895783075623.png\" title=\"1472784895783075623.png\" alt=\"56.5.png\">&nbsp; &nbsp;&nbsp;<img src=\"//lango-tech.com/XBH/ueditor/images/20160902/1472784901486017934.png\" title=\"1472784901486017934.png\" alt=\"56.6.png\"></p><p><br></p><p style=\"text-align: center;\"><img src=\"//lango-tech.com/XBH/ueditor/images/20160902/1472784908935022185.png\" title=\"1472784908935022185.png\" alt=\"56.7.png\">&nbsp; &nbsp;&nbsp;<img src=\"//lango-tech.com/XBH/ueditor/images/20160902/1472784915263078272.png\" title=\"1472784915263078272.png\" alt=\"56.8.png\"></p>","<p style=\"text-align: left;\"><span style=\"color: rgb(0, 176, 240); font-size: 24px; font-family: 微软雅黑, 'Microsoft YaHei';\"><strong>A-TV部分参数</strong><br></span></p><p style=\"text-align: left;\"><br></p><p style=\"text-align: center;\"><img src=\"//lango-tech.com/XBH/ueditor/images/20160812/1470972206224068503.png\" title=\"1470972206224068503.png\" alt=\"a-tv.png\" style=\"text-align: center; white-space: normal;\"></p>"]}, {"name": "DTV","content1": "数模一体电视控制主板，集成了电源及恒流驱动，适用于澳洲市场。该方案的USB可用于软件升级和多媒体播放。","content2": "数模一体电视控制主板","imgList": ["//lango-tech.com/XBH/images/20160902_105803_538734.png","//lango-tech.com/XBH/images/20160902_105813_424668.png","//lango-tech.com/XBH/images/20160902_105823_362708.png"],"itemList": ["产品概述", "图片展示", "部分参数"],"itemContentList": ["<h1 style=\"white-space: normal;\"><span style=\"color: rgb(0, 176, 240); font-size: 24px; font-family: 微软雅黑, 'Microsoft YaHei';\"><strong>D-TV</strong><strong style=\"font-size: medium; font-family: 微软雅黑, 'Microsoft YaHei';\"><span style=\"font-size: 24px; color: rgb(0, 176, 240);\">产品概述</span></strong></span></h1><p style=\"white-space: normal;\"><span style=\"font-family: 微软雅黑;\">&nbsp; &nbsp; &nbsp;&nbsp;<span style=\"font-size: 14px;\">DTMB是一款模数一体电视控制主板，集成了电源及恒流驱动，适用于中国市场。该方案的USB可用于软件升级和多媒体播放,如MP3和JPEG等格式的图片。电源部分是高效率开关电源，总输出功率75W，支持32寸到42寸LED背光TFT屏，支持的最高分辨率为1920x1080。</span></span></p><p style=\"white-space: normal; text-align: center;\"><span style=\"font-family: 微软雅黑;\"><span style=\"font-size: 14px;\"><img src=\"//lango-tech.com/XBH/ueditor/images/20160902/1472786395331094512.png\" title=\"1472786395331094512.png\" alt=\"DTV.png\"></span></span></p>","<p><span style=\"font-family: 微软雅黑, 'Microsoft YaHei'; font-size: 24px; color: rgb(0, 176, 240);\"><strong>D-TV产品展示</strong></span></p><p><br></p><p style=\"text-align: center;\"><img src=\"//lango-tech.com/XBH/ueditor/images/20160902/1472785182537030672.png\" title=\"1472785182537030672.png\" alt=\"3463.5.png\">&nbsp; &nbsp;&nbsp;<img src=\"//lango-tech.com/XBH/ueditor/images/20160902/1472785189478076833.png\" title=\"1472785189478076833.png\" alt=\"3463.6.png\"></p><p><br></p><p style=\"text-align: center;\"><img src=\"//lango-tech.com/XBH/ueditor/images/20160902/1472785198653035202.png\" title=\"1472785198653035202.png\" alt=\"3463.7.png\">&nbsp; &nbsp;&nbsp;<img src=\"//lango-tech.com/XBH/ueditor/images/20160902/1472785205675003155.png\" title=\"1472785205675003155.png\" alt=\"3463.8.png\"></p>","<p style=\"white-space: normal;\"><span style=\"color: rgb(0, 176, 240); font-size: 24px; font-family: 微软雅黑, 'Microsoft YaHei';\"><strong style=\"font-size: 14px; font-family: 微软雅黑, 'Microsoft YaHei';\"><span style=\"font-size: 24px; color: rgb(0, 176, 240);\">D-TV部分参数</span></strong></span></p><p style=\"white-space: normal; text-align: center;\"><img src=\"//lango-tech.com/XBH/ueditor/images/20160812/1470972184723080933.png\" title=\"1470972184723080933.png\" alt=\"dtmb.png\"></p>"]}, {"name": "Smart TV","content1": "Smart TV是一款适用于中国及海外模拟电视区域的智能电视机主板，配置双核1.2GHz 64bit CPU，具有强大的音视频处理能力。","content2": "适用于中国及海外模拟电视区域的智能电视机主板","imgList": ["//lango-tech.com/XBH/images/20160902_110211_5743.png","//lango-tech.com/XBH/images/20160902_110229_301714.png","//lango-tech.com/XBH/images/20160902_110245_774037.png"],"itemList": ["产品概述", "图片展示", "部分参数"],"itemContentList": ["<h1 style=\"white-space: normal;\"><span style=\"font-size: 24px; color: rgb(0, 176, 240);\"><span style=\"font-size: 24px; font-family: 微软雅黑, 'Microsoft YaHei';\">Smart TV&nbsp;</span><span style=\"font-size: 24px; color: rgb(0, 176, 240); font-family: 微软雅黑, 'Microsoft YaHei';\"><strong>产品概述</strong></span></span></h1><p style=\"white-space: normal;\"><span style=\"font-size: 14px; font-family: 微软雅黑;\">&nbsp; &nbsp; &nbsp; Smart TV是一款适用于中国及海外模拟电视区域的智能电视机主板，配置双核1.2GHz 64bit CPU，具有强大的音视频处理能力。支持最高分辨率为4K*2K，性能优良，成熟稳定,内置WIFI模块。该方案集成四核高性能GPU。可支持50”以上LED背光TFT屏。</span></p><p style=\"white-space: normal;\"><span style=\"font-size: 14px; font-family: 微软雅黑;\">&nbsp; &nbsp; &nbsp; &nbsp;该板可支持的接口有：MINI AV IN，MINI AV OUT， MINI YPBPR， HDMI*4，USB TOUCH，USB2.0，USB3.0， RS232， EARPHONE， RJ45*2， VGA，PC AUDIO，RF，DP，COAX/OPTICAL.</span></p><p style=\"white-space: normal;\"><span style=\"font-size: 14px; font-family: 微软雅黑;\">&nbsp; &nbsp; &nbsp; &nbsp;两路HDMI支持HDMI2.0，剩下的两路HDMI，一路HDMI支持ARC，一路HDMI支持MHL。</span></p><p style=\"white-space: normal;\"><span style=\"font-size: 14px; font-family: 微软雅黑;\">&nbsp; &nbsp; &nbsp; &nbsp;该板具有强大的多媒体播放功能，通过USB接口可以播放绝大多数多媒体文件，可支持最高分辨率 &nbsp;4K 30HZ视频。</span></p><p style=\"text-indent: 0px; white-space: normal;\"><span style=\"font-family: 微软雅黑; font-size: 14px; text-indent: 32px;\">&nbsp; &nbsp; &nbsp; &nbsp;同时可通过USB2.0接口轻松快捷的升级软件。</span></p><p style=\"text-indent: 0px; white-space: normal; text-align: center;\"><span style=\"font-family: 微软雅黑; font-size: 14px; text-indent: 32px;\"><img src=\"//lango-tech.com/XBH/ueditor/images/20160902/1472786503531038742.png\" title=\"1472786503531038742.png\" alt=\"smart TV.png\"></span></p>","<p><span style=\"color: rgb(0, 176, 240);\"><strong><span style=\"font-family: 微软雅黑, 'Microsoft YaHei'; font-size: 24px;\">Smart-TV 图片展示</span></strong></span></p><p><br></p><p style=\"text-align: center;\"><img src=\"//lango-tech.com/XBH/ueditor/images/20160902/1472785641444014836.png\" title=\"1472785641444014836.png\" alt=\"510.1.png\">&nbsp; &nbsp;&nbsp;<img src=\"//lango-tech.com/XBH/ueditor/images/20160902/1472785651365011832.png\" title=\"1472785651365011832.png\" alt=\"510.2.png\"></p><p><br></p><p style=\"text-align: center;\"><img src=\"//lango-tech.com/XBH/ueditor/images/20160902/1472785661699034406.png\" title=\"1472785661699034406.png\" alt=\"510.3.png\">&nbsp; &nbsp;&nbsp;<img src=\"//lango-tech.com/XBH/ueditor/images/20160902/1472785670715038992.png\" title=\"1472785670715038992.png\" alt=\"510.4.png\"></p>","<p style=\"white-space: normal;\"><span style=\"font-family: 微软雅黑, 'Microsoft YaHei'; color: rgb(0, 176, 240); font-size: 24px;\"><strong>Smart TV 部分参数</strong></span></p><p style=\"margin-left: 28px; white-space: normal; text-align: center;\"><span style=\"font-size: 14px; font-family: 微软雅黑;\"><strong style=\"font-family: 微软雅黑, 'Microsoft YaHei';\"><span style=\"font-family: 宋体;\"><img src=\"//lango-tech.com/XBH/ueditor/images/20160812/1470972126923048512.png\" title=\"1470972126923048512.png\" alt=\"smart-tv.png\"></span></strong></span></p>"]}]}}